CodEstable,NomEstable,CodSede,NomSede,Tipo,Zona,Direccion,Telefono,EstadoSede,Niveles,Modelos,Grados,X,Y
354001012289,INSTITUCION EDUCATIVA FRANCISCO DE PAULA SANTANDER,354001012289,INSTITUCION EDUCATIVA FRANCISCO DE PAULA SANTANDER,PRINCIPAL,RURAL,AV PANAMERICANA., ,NUEVO-ACTIVO,"MEDIA,BÁSICA SECUNDARIA,BÁSICA PRIMARIA","PROGRAMA PARA JÓVENES EN EXTRAEDAD Y ADULTOS,FLEXIBLE ESCUELA INTEGRAL","21,22,23,24,25,26",844050.295,1370103.726
254001009151,INSTITUTO TÉCNICO RAFAEL GARCIA HERREROS,254001006128,CENT EDUC LA PAZ,SEDE,RURAL,VDA LA NVA VICTORIA,NO TIENE,NUEVO-ACTIVO,"PREESCOLAR,BÁSICA PRIMARIA",ESCUELA NUEVA,"0,1,2,3,4,5",855671.3603,1389282.647
254001009151,INSTITUTO TÉCNICO RAFAEL GARCIA HERREROS,254001008511,CENT EDUC LA ACEITUNA,SEDE,RURAL,CORREG PALMARITO VDA ACEITUNA,NO TIENE,NUEVO-ACTIVO,"PREESCOLAR,BÁSICA PRIMARIA",ESCUELA NUEVA,"0,1,2,3,4,5",854199.9554,1409091.126
254001003196,COLEGIO CAMILO TORRES,254001007264,CENT EDUC SAN AGUSTIN DE LOS POZOS,SEDE,RURAL,VDA SAN AGUSTIN D ELOS POZOS,NO TIENE,NUEVO-ACTIVO,"PREESCOLAR,BÁSICA PRIMARIA","ESCUELA NUEVA,EDUCACIÓN TRADICIONAL","0,1,2,3,4,5",847928.3137,1406856.041
254001003196,COLEGIO CAMILO TORRES,254001004796,CENT EDUC LA GRAN COLOMBIA,SEDE,RURAL,VDA RESTAURACION CORREG AGUA CLARA,NO TIENE,NUEVO-ACTIVO,"PREESCOLAR,BÁSICA PRIMARIA","ESCUELA NUEVA,EDUCACIÓN TRADICIONAL","0,1,2,3,4,5",845360.087,1404935.18
254001003196,COLEGIO CAMILO TORRES,254001008627,CENT EDUC JAIME PARDO LEAL,SEDE,RURAL,VDA NVA MADRID,NO TIENE,NUEVO-ACTIVO,BÁSICA PRIMARIA,EDUCACIÓN TRADICIONAL,"3,5",837993.6828,1415258.96
254001003196,COLEGIO CAMILO TORRES,254001008520,CENT EDUC BELLAVISTA,SEDE,RURAL,VDA BELLAVISTA,NO TIENE,NUEVO-ACTIVO,"PREESCOLAR,MEDIA,BÁSICA SECUNDARIA,BÁSICA PRIMARIA","ESCUELA NUEVA,A CRECER,EDUCACIÓN TRADICIONAL,SER HUMANO","0,1,2,3,4,5,21,22,23,24,25,26",847778.9938,1394635.614
254001003196,COLEGIO CAMILO TORRES,254001003196,COL CAMILO TORRES,PRINCIPAL,RURAL,VDA NUCLEO DE VIVIENDA,NO TIENE,ANTIGUO-ACTIVO,"PREESCOLAR,MEDIA,BÁSICA SECUNDARIA,BÁSICA PRIMARIA","CAMINAR EN SECUNDARIA,TRANSFORMEMOS,PROGRAMA PARA JÓVENES EN EXTRAEDAD Y ADULTOS,ESCUELA NUEVA,A CRECER,EDUCACIÓN TRADICIONAL,SER HUMANO","0,1,2,3,4,5,6,7,8,9,10,11,21,22,23,24,25,26",843894.5787,1398051.629
154001004333,I.E. CARLOS RAMIREZ PARIS,154001007251,ESC DON BOSCO NO 88,SEDE,URBANA,CL 23 67 74,3123515258,NUEVO-ACTIVO,"PREESCOLAR,MEDIA,BÁSICA SECUNDARIA,BÁSICA PRIMARIA","PROGRAMA PARA JÓVENES EN EXTRAEDAD Y ADULTOS,A CRECER,EDUCACIÓN TRADICIONAL","0,1,2,3,4,5,6,7,8,9,10,11,21,22,23,24,25,26",838145.4215,1368040.432
154001004333,I.E. CARLOS RAMIREZ PARIS,154001004333,I.E. CARLOS RAMIREZ PARIS - SEDE PRINCIPAL,PRINCIPAL,URBANA,CL 18 51 33,3123515258,ANTIGUO-ACTIVO,"PREESCOLAR,MEDIA,BÁSICA SECUNDARIA,BÁSICA PRIMARIA","FLEXIBLE ESCUELA INTEGRAL,A CRECER,EDUCACIÓN TRADICIONAL,SER HUMANO","0,1,2,3,4,5,6,7,8,9,10,11,21,22,23,24,25,26",839040.3276,1366735.631
154001004333,I.E. CARLOS RAMIREZ PARIS,154001005259,ESC  RAFAEL POMBO NO 74,SEDE,URBANA,MZ 38 F LT 4,3123515258,NUEVO-ACTIVO,"PREESCOLAR,MEDIA,BÁSICA SECUNDARIA,BÁSICA PRIMARIA","PROGRAMA PARA JÓVENES EN EXTRAEDAD Y ADULTOS,EDUCACIÓN TRADICIONAL","0,1,2,3,4,5,6,7,8,9,21,22,23,24,25",839332.8868,1366525.398
154001004333,I.E. CARLOS RAMIREZ PARIS,154001007961,INST TEC NSTRA SRA DE MONGUI,SEDE,URBANA,CL 9 47 15,3123515258,NUEVO-ACTIVO,"PREESCOLAR,MEDIA,BÁSICA SECUNDARIA,BÁSICA PRIMARIA","A CRECER,EDUCACIÓN TRADICIONAL,CIRCULOS DE APRENDIZAJE","0,1,2,3,4,5,6,7,8,9,10,11,21",838731.6451,1366112.552
254001003757,CENTRO EDUCATIVO AGUALASAL,254001001304,ESC RUR EL SUSPIRO,SEDE,RURAL,VDA EL SUSPIRO CORREG PALMARITO,NO TIENE,NUEVO-ACTIVO,"PREESCOLAR,BÁSICA PRIMARIA","ESCUELA NUEVA,EDUCACIÓN TRADICIONAL","0,1,2,3,4,5",840189.6915,1403896.156
254001003757,CENTRO EDUCATIVO AGUALASAL,254001003757,CENT EDUC AGUALASAL,PRINCIPAL,RURAL,VDA AGUALASAL,NO TIENE,ANTIGUO-ACTIVO,"PREESCOLAR,MEDIA,BÁSICA SECUNDARIA,BÁSICA PRIMARIA","POST PRIMARIA,FLEXIBLE ESCUELA INTEGRAL,ESCUELA NUEVA,A CRECER,EDUCACIÓN TRADICIONAL","0,1,2,3,4,5,6,7,8,9,21,22,23,24,25,26",837648.8205,1400205.465
254001003757,CENTRO EDUCATIVO AGUALASAL,254001004818,CENT EDUC  LA HORTENCIA,SEDE,RURAL,VDA EL TABLAZO- CORREG PALMARITO,NO TIENE,NUEVO-ACTIVO,"PREESCOLAR,BÁSICA PRIMARIA","ESCUELA NUEVA,EDUCACIÓN TRADICIONAL","0,1,2,3,4,5",836683.585,1403459.821
154001003779,COLEGIO INTEGRADO JUAN ATALAYA,154001008291,ESC URB LA PRIMAVERA MARIA AUXILIADORA,SEDE,URBANA,MZ J7 LOTE 11,5813860,NUEVO-ACTIVO,"PREESCOLAR,MEDIA,BÁSICA SECUNDARIA,BÁSICA PRIMARIA","A CRECER,EDUCACIÓN TRADICIONAL,SER HUMANO","0,1,2,3,4,5,6,7,8,9,10,21,22,23,24,25,26",839183.8478,1367677.777
154001003779,COLEGIO INTEGRADO JUAN ATALAYA,154001003779,COL INTEGD JUAN ATALAYA,PRINCIPAL,URBANA,CL 6 26 118,5785588,ANTIGUO-ACTIVO,"MEDIA,BÁSICA SECUNDARIA,BÁSICA PRIMARIA","FLEXIBLE ESCUELA INTEGRAL,PROGRAMA PARA JÓVENES EN EXTRAEDAD Y ADULTOS,A CRECER,EDUCACIÓN TRADICIONAL","5,6,7,8,9,10,11,21,22,23,24,25,26",839830.3612,1366726.62
154001003779,COLEGIO INTEGRADO JUAN ATALAYA,154001007979,COL CONCEJO DE CUCUTA,SEDE,URBANA,AV 5 MZ 7 LOTE 67 BARRIO TUCUNARE,5798433,NUEVO-ACTIVO,"PREESCOLAR,MEDIA,BÁSICA SECUNDARIA,BÁSICA PRIMARIA","PROGRAMA PARA JÓVENES EN EXTRAEDAD Y ADULTOS,EDUCACIÓN TRADICIONAL,ACELERACIÓN DEL APRENDIZAJE","0,1,2,3,4,5,6,7,8,9,10,11,22,23,24,25,26,99",839738.2852,1366726.054
154001003779,COLEGIO INTEGRADO JUAN ATALAYA,154001004139,ESC URB CUCUTA 75 NO 52,SEDE,URBANA,AV 27 NO 5N -31 BARRIO PALMERAS PARTE ALTA,5811828,ANTIGUO-ACTIVO,"PREESCOLAR,BÁSICA PRIMARIA",EDUCACIÓN TRADICIONAL,"0,1,2,3,4,5",839764.3601,1366616.492
154001003779,COLEGIO INTEGRADO JUAN ATALAYA,154001000877,ESC URB NO 30 ANTONIO MARIA CLARET,SEDE,URBANA,MZ  10  Y 11 4TA. ETAPA BARRIO CLARET,5786156,ANTIGUO-ACTIVO,"PREESCOLAR,BÁSICA PRIMARIA","A CRECER,EDUCACIÓN TRADICIONAL","0,1,2,3,4,5,22",839887.3331,1367159.459
154001003779,COLEGIO INTEGRADO JUAN ATALAYA,154001006859,ESC URB  GABRIEL GARCIA MARQUEZ NO 79,SEDE,URBANA,AV 31 MZ 3  J2  NO 12-1  BARRIO TUCUNARE,5797133,NUEVO-ACTIVO,"PREESCOLAR,MEDIA,BÁSICA SECUNDARIA,BÁSICA PRIMARIA",EDUCACIÓN TRADICIONAL,"0,1,2,3,4,5,6,7,8,9,10",839420.4873,1367297.049
154001009220,INSTITUTO TÉCNICO PADRE MANUEL BRICEÑO JAUREGUI FE Y ALEGRÍA,154001000834,ESC  NO 38 TEODORO GUTIERREZ,SEDE,URBANA,IND MZ 6 LOTE 9 3 ETAPA BARRIO ATALAYA,5814885,ANTIGUO-ACTIVO,"PREESCOLAR,BÁSICA PRIMARIA",EDUCACIÓN TRADICIONAL,"0,1,2,3,4,5",840986.9623,1365975.372
154001009220,INSTITUTO TÉCNICO PADRE MANUEL BRICEÑO JAUREGUI FE Y ALEGRÍA,154001009220,I.E. PADRE MANUEL BRICEÑO JAUREGUI - SEDE PRINCIPAL,PRINCIPAL,URBANA,AV 21 A 2 100,5813255,ANTIGUO-ACTIVO,"PREESCOLAR,MEDIA,BÁSICA SECUNDARIA,BÁSICA PRIMARIA","EDUCACIÓN TRADICIONAL,ACELERACIÓN DEL APRENDIZAJE","0,1,2,3,4,5,6,7,8,9,10,11,99",840562.7913,1366101.63
154001005208,I.E. JUAN PABLO I,154001005208,I.E. JUAN PABLO I - SEDE PRINCIPAL,PRINCIPAL,URBANA,CL 12 0 E 81,5794729,NUEVO-ACTIVO,"PREESCOLAR,MEDIA,BÁSICA SECUNDARIA,BÁSICA PRIMARIA","CAMINAR EN SECUNDARIA,PROGRAMA PARA JÓVENES EN EXTRAEDAD Y ADULTOS,FLEXIBLE ESCUELA INTEGRAL,A CRECER,EDUCACIÓN TRADICIONAL,CIRCULOS DE APRENDIZAJE,CAFAM","0,1,2,3,4,5,6,7,8,9,10,11,21,22,23,24,25,26,31",840910.4494,1367603.661
154001003426,COL MARIANO OSPINA RODRIGUEZ,154001003639,ESC TERCER MILENIO,SEDE,URBANA,CLL  4  NO 3-78  BARRIO MOTILONES,5786602,ANTIGUO-ACTIVO,"PREESCOLAR,BÁSICA PRIMARIA","EDUCACIÓN TRADICIONAL,ACELERACIÓN DEL APRENDIZAJE","0,1,2,3,4,5,99",840276.3886,1367511.525
154001003426,COL MARIANO OSPINA RODRIGUEZ,154001003248,COL MONSEÑOR LUIS PEREZ HERNANDEZ,SEDE,URBANA,CLL 10 AV 3 Y 4 BARRIO MOTILONES,5786606,ANTIGUO-ACTIVO,"PREESCOLAR,MEDIA,BÁSICA SECUNDARIA,BÁSICA PRIMARIA","PROGRAMA PARA JÓVENES EN EXTRAEDAD Y ADULTOS,EDUCACIÓN TRADICIONAL,SER HUMANO","0,1,2,3,4,5,6,7,8,9,10,11,21,22,23,24,25,26",840487.7563,1367809.521
154001003426,COL MARIANO OSPINA RODRIGUEZ,154001003426,COL MARIANO OSPINA RODRIGUEZ,PRINCIPAL,URBANA,AV 5 CLL 14 Y 15 BARRIO OSPINA PEREZ,5795340,ANTIGUO-ACTIVO,"PREESCOLAR,MEDIA,BÁSICA SECUNDARIA,BÁSICA PRIMARIA","PROGRAMA PARA JÓVENES EN EXTRAEDAD Y ADULTOS,FLEXIBLE ESCUELA INTEGRAL,A CRECER,EDUCACIÓN TRADICIONAL,ACELERACIÓN DEL APRENDIZAJE","0,1,2,3,4,5,6,7,8,9,10,11,21,22,23,24,25,26,99",840525.857,1367799.535
254001004087,INST TEC JORGE GAITAN DURAN,254001002372,ESC RURAL LA FRONTERA,SEDE,RURAL,CORREG PTO VILL, ,NUEVO-ACTIVO, , , ,851970.3848,1414374.765
154001003426,COL MARIANO OSPINA RODRIGUEZ,154001010210,ESC URB JOSE BARTOLOME CELIS,SEDE,URBANA,BARRIO LA FLORIDA,NO TIENE,ANTIGUO-ACTIVO,"PREESCOLAR,BÁSICA PRIMARIA","EDUCACIÓN TRADICIONAL,CIRCULOS DE APRENDIZAJE","0,1,2,3,4,5",839977.4402,1368175.579
154001008606,COL BAS CAMILO DAZA,154001008606,COL BAS CAMILO DAZA,PRINCIPAL,URBANA,CL 43 8 80,5787774,ANTIGUO-ACTIVO,"PREESCOLAR,MEDIA,BÁSICA SECUNDARIA,BÁSICA PRIMARIA","CAMINAR EN SECUNDARIA,FLEXIBLE ESCUELA INTEGRAL,A CRECER,CAMINAR EN SECUNDARIA I,EDUCACIÓN TRADICIONAL,CIRCULOS DE APRENDIZAJE,ACELERACIÓN DEL APRENDIZAJE,SER HUMANO","0,1,2,3,4,5,6,7,8,9,10,11,20,21,22,23,24,25,26,99",840708.395,1369960.077
154001005330,COLEGIO JUANA RANGEL DE CUELLAR,154001005330,COL JUANA RANGEL DE CUELLAR,PRINCIPAL,URBANA,CL 16 AV 0 BR LA LAGUNA,5796763,ANTIGUO-ACTIVO,"PREESCOLAR,MEDIA,BÁSICA SECUNDARIA,BÁSICA PRIMARIA","FLEXIBLE ESCUELA INTEGRAL,A CRECER,EDUCACIÓN TRADICIONAL","0,1,2,3,4,5,6,7,8,9,10,11,21,22,23,24,25,26",841241.2674,1367787.983
154001007944,COLEGIO ANDRÉS BELLO,154001009301,ESC URB ANCIZAR OCAMPO,SEDE,URBANA,CLL 17BN NO 10-35 BARRIO VILLA NUEVA,5871855,ANTIGUO-ACTIVO,"PREESCOLAR,BÁSICA PRIMARIA",EDUCACIÓN TRADICIONAL,"0,1,2,3,4,5",842451.1748,1367566.757
154001007944,COLEGIO ANDRÉS BELLO,154001008576,ESC URB LAURA VICUÑA,SEDE,URBANA,AV 13 12 66,5877967,ANTIGUO-ACTIVO,"PREESCOLAR,BÁSICA SECUNDARIA,BÁSICA PRIMARIA","A CRECER,EDUCACIÓN TRADICIONAL","0,1,2,3,4,5,6,7,8,9,21",842255.1354,1367367.063
154001007944,COLEGIO ANDRÉS BELLO,154001007944,COL ANDRES BELLO,PRINCIPAL,URBANA,IND AV 7N NO 7AN-06,5791280,ANTIGUO-ACTIVO,"PREESCOLAR,MEDIA,BÁSICA SECUNDARIA,BÁSICA PRIMARIA","A CRECER,EDUCACIÓN TRADICIONAL,SER HUMANO","0,1,2,3,4,5,6,7,8,9,10,11,21,22,23,24,25,26",842475.6704,1366353.223
154001001644,COLEGIO ANTONIO NARIÑO,154001011879,PREESC MIS ALEGRIAS,SEDE,URBANA,IND AV 9 NO 0AN-69,5827168,NUEVO-ACTIVO,"PREESCOLAR,BÁSICA PRIMARIA","ESCUELA NUEVA,EDUCACIÓN TRADICIONAL","0,1,2,3,4,5",842013.1168,1365388.546
154001001644,COLEGIO ANTONIO NARIÑO,154001008185,CENT DOC MPAL SAN JOSE OBRERO,SEDE,URBANA,IND BARRIO,NO TIENE,ANTIGUO-ACTIVO,"PREESCOLAR,BÁSICA PRIMARIA","ESCUELA NUEVA,EDUCACIÓN TRADICIONAL","0,1,2,3,4,5",841553.6965,1365423.744
154001001644,COLEGIO ANTONIO NARIÑO,154001000206,ESC URB DE NIÑAS NO 13 NSTRA SRA DE LOURDES,SEDE,URBANA,CL 0 10 143,5826449,ANTIGUO-ACTIVO,"PREESCOLAR,BÁSICA PRIMARIA",EDUCACIÓN TRADICIONAL,"0,1,2,3,4,5",841761.9294,1365198.072
154001001644,COLEGIO ANTONIO NARIÑO,154001001644,COLEGIO ANTONIO NARIÑO,PRINCIPAL,URBANA,CL 1 8 17,5836272,ANTIGUO-ACTIVO,"MEDIA,BÁSICA SECUNDARIA,BÁSICA PRIMARIA","CAMINAR EN SECUNDARIA,PROGRAMA PARA JÓVENES EN EXTRAEDAD Y ADULTOS,A CRECER,EDUCACIÓN TRADICIONAL,ACELERACIÓN DEL APRENDIZAJE,CIRCULOS DE APRENDIZAJE,SER HUMANO","1,2,3,4,5,6,7,8,9,10,11,21,23,24,99",842129.5153,1365096.681
154001000087,ESC NORMAL SUPERIOR MARIA AUXILIADORA,154001000087,NORMAL SUPERIOR MARIA AUXILIADORA,PRINCIPAL,URBANA,AV 4 NO 12-81 BARRIO LA PLAYA,5712983-5836459,ANTIGUO-ACTIVO,"PREESCOLAR,MEDIA,BÁSICA SECUNDARIA,BÁSICA PRIMARIA","PROGRAMA PARA JÓVENES EN EXTRAEDAD Y ADULTOS,EDUCACIÓN TRADICIONAL","0,1,2,3,4,5,6,7,8,9,10,11,12,13,21,22",842901.4539,1363898.503
254001004087,INST TEC JORGE GAITAN DURAN,254001005377,CENT EDUC SAN JOAQUIN,SEDE,RURAL,VDA SAN JOAQUIN - CORREG AGUACLARA,NO TIENE,NUEVO-ACTIVO,BÁSICA PRIMARIA,"ESCUELA NUEVA,EDUCACIÓN TRADICIONAL","1,2,3,4,5",846113.5309,1406736.625
254001004087,INST TEC JORGE GAITAN DURAN,254001003218,CENT EDUC PUERTO VILLAMIZAR,SEDE,URBANA,CORREG PUERTO VILLAMIZAR,NO TIENE,NUEVO-ACTIVO,"PREESCOLAR,BÁSICA PRIMARIA","ESCUELA NUEVA,EDUCACIÓN TRADICIONAL","0,1,2,3,4,5",849595.0673,1411687.347
254001004087,INST TEC JORGE GAITAN DURAN,254001001169,CENT EDUC LOS CAMBULOS,SEDE,RURAL,VDA LOS CAMBULOS CORREG PUERTO VILLAMIZAR,NO TIENE,ANTIGUO-ACTIVO,"PREESCOLAR,BÁSICA PRIMARIA","ESCUELA NUEVA,EDUCACIÓN TRADICIONAL","0,1,2,3,4,5",847292.0612,1407838.449
254001004087,INST TEC JORGE GAITAN DURAN,254001007604,ESC NVA MINUTO DE DIOS,SEDE,RURAL,VDA MINUTO DE DIOS-CORREG AGUACLARA,NO TIENE,NUEVO-ACTIVO,"PREESCOLAR,BÁSICA PRIMARIA","ESCUELA NUEVA,EDUCACIÓN TRADICIONAL","0,1,2,3,4,5",848570.1198,1404020.283
254001004087,INST TEC JORGE GAITAN DURAN,254001003161,ESC NVA ROSA BLANCA,SEDE,RURAL,VDA CAÑO MONO CORREG AGUACLARA,NO TIENE,NUEVO-ACTIVO,"PREESCOLAR,BÁSICA PRIMARIA","ESCUELA NUEVA,EDUCACIÓN TRADICIONAL","0,1,2,3,4,5",849805.7522,1406121.274
254001004087,INST TEC JORGE GAITAN DURAN,254001008562,CENT EDUC NUEVA FRONTERA,SEDE,RURAL,VDA NUEVA FRONTERA,NO TIENE,NUEVO-ACTIVO,"PREESCOLAR,BÁSICA PRIMARIA","ESCUELA NUEVA,EDUCACIÓN TRADICIONAL","0,1,2,3,4",854961.7429,1405056.749
254001004087,INST TEC JORGE GAITAN DURAN,254001002874,CENT EDUC LA TIGRA,SEDE,RURAL,VDA LA TIGRA - CORREG AGUACLARA,NO TIENE,NUEVO-ACTIVO,BÁSICA PRIMARIA,"ESCUELA NUEVA,EDUCACIÓN TRADICIONAL","1,2,3,4,5",850657.6515,1397440.884
254001004087,INST TEC JORGE GAITAN DURAN,254001009836,COL BAS JAIME CARDENAS MONCADA,SEDE,RURAL,CORREG ALTO GUARAMITO,NO TIENE,NUEVO-ACTIVO,"PREESCOLAR,MEDIA,BÁSICA SECUNDARIA,BÁSICA PRIMARIA","POST PRIMARIA,ESCUELA NUEVA,A CRECER,EDUCACIÓN TRADICIONAL","0,1,2,3,4,5,6,7,8,9,10,11,21",856548.9212,1398564.006
254001004087,INST TEC JORGE GAITAN DURAN,254001009437,CENT EDUC FUNDACION,SEDE,RURAL,VDA FUNDACION,NO TIENE,NUEVO-ACTIVO,"PREESCOLAR,BÁSICA PRIMARIA",ESCUELA NUEVA,"0,1,2,3,4,5",852744.3367,1400057.227
254001004087,INST TEC JORGE GAITAN DURAN,254001004273,CENT EDUC BAJO GUARAMITO,SEDE,URBANA,CORREG GUARAMITO,NO TIENE,NUEVO-ACTIVO,"PREESCOLAR,BÁSICA PRIMARIA","ESCUELA NUEVA,A CRECER,EDUCACIÓN TRADICIONAL","0,1,2,3,4,5,21",855176.0673,1405928.702
254001004087,INST TEC JORGE GAITAN DURAN,254001004176,CENT EDUC CAMPO ALEGRE,SEDE,RURAL,VDA CAMPO ALEGRE,NO TIENE,NUEVO-ACTIVO,"PREESCOLAR,BÁSICA PRIMARIA","ESCUELA NUEVA,A CRECER,EDUCACIÓN TRADICIONAL","0,1,2,3,4,5,21",852883.5516,1402084.825
254001004087,INST TEC JORGE GAITAN DURAN,254001004401,CENT EDUC CARTAGENA,SEDE,RURAL,CORREG GUARAMITO VDA LLANO SECO,NO TIENE,NUEVO-ACTIVO,"PREESCOLAR,BÁSICA PRIMARIA","ESCUELA NUEVA,EDUCACIÓN TRADICIONAL","0,1,2,3,4,5",852764.3334,1401724.103
254001004087,INST TEC JORGE GAITAN DURAN,254001002793,ESC NVA LA JARRA,SEDE,RURAL,VDA LA JARRA- CORREG DE AGUA CLARA,NO TIENE,NUEVO-ACTIVO,"PREESCOLAR,BÁSICA PRIMARIA","ESCUELA NUEVA,EDUCACIÓN TRADICIONAL","0,1,2,3,4,5",851250.6433,1400138.183
254001004087,INST TEC JORGE GAITAN DURAN,254001002564,ESC RUR INTEGD AGUA CLARA,SEDE,RURAL,CORREG AGUACLARA,NO TIENE,ANTIGUO-ACTIVO,"PREESCOLAR,BÁSICA PRIMARIA","ESCUELA NUEVA,EDUCACIÓN TRADICIONAL","0,1,2,3,4,5",851122.7859,1402552.779
254001004087,INST TEC JORGE GAITAN DURAN,254001004087,INST TEC JORGE GAITAN DURAN,PRINCIPAL,RURAL,CORREG AGUACLARA,NO TIENE,ANTIGUO-ACTIVO,"MEDIA,BÁSICA SECUNDARIA,BÁSICA PRIMARIA","CAMINAR EN SECUNDARIA,PROGRAMA PARA JÓVENES EN EXTRAEDAD Y ADULTOS,FLEXIBLE ESCUELA INTEGRAL,ESCUELA NUEVA,A CRECER,EDUCACIÓN TRADICIONAL,ACELERACIÓN DEL APRENDIZAJE,SER HUMANO","1,2,3,6,7,8,9,10,11,20,21,22,23,24,25,26,31,99",851383.9785,1402992.279
254001004087,INST TEC JORGE GAITAN DURAN,254001002807,CENT EDUC LA JAVILLA,SEDE,RURAL,VDA LA JAVILLA-CORREG DE AGUA CLARA,NO TIENE,NUEVO-ACTIVO,"PREESCOLAR,BÁSICA PRIMARIA","ESCUELA NUEVA,EDUCACIÓN TRADICIONAL","0,1,2,3,4,5",851123.0406,1405850.433
154001004295,COL ORIENTAL NO 26,154001004295,COL ORIENTAL NO 26,PRINCIPAL,URBANA,CLL 19AN NO 4-89,5872460,NUEVO-ACTIVO,"PREESCOLAR,MEDIA,BÁSICA SECUNDARIA,BÁSICA PRIMARIA",EDUCACIÓN TRADICIONAL,"0,1,2,3,4,5,6,7,8,9,10,11",843265.9533,1367486.88
154001011470,COLEGIO SAN JOSÉ,254001009038,CENT EDUC RUR LOS PERACOS,SEDE,RURAL,VDA LOS PERACOS,NO TIENE,NUEVO-ACTIVO,"PREESCOLAR,MEDIA,BÁSICA SECUNDARIA,BÁSICA PRIMARIA","ESCUELA NUEVA,PREESCOLAR NO ESCOLARIZADO/SEMIESCOLARIZADO   ,EDUCACIÓN TRADICIONAL,CIRCULOS DE APRENDIZAJE,SER HUMANO","0,1,2,3,4,5,20,23,24,25,26",843737.9808,1371799.946
154001011470,COLEGIO SAN JOSÉ,154001011470,EL TRIGAL,PRINCIPAL,URBANA,CL 3 1 73,5878457,NUEVO-ACTIVO,"PREESCOLAR,MEDIA,BÁSICA SECUNDARIA,BÁSICA PRIMARIA","PROGRAMA PARA JÓVENES EN EXTRAEDAD Y ADULTOS,FLEXIBLE ESCUELA INTEGRAL,A CRECER,PREESCOLAR NO ESCOLARIZADO/SEMIESCOLARIZADO   ,EDUCACIÓN TRADICIONAL,CIRCULOS DE APRENDIZAJE,SER HUMANO","0,1,2,3,4,5,6,7,8,9,10,11,20,21,22,23,24,25,26",842382.233,1370795.071
154001007791,COL LUIS CARLOS GALAN SARMIENTO,254001002947,ESC RUR  SAN PEDRO,SEDE,RURAL,KM 47-91 CORREG DE SAN PEDRO,NO TIENE,NUEVO-ACTIVO,"PREESCOLAR,MEDIA,BÁSICA SECUNDARIA,BÁSICA PRIMARIA","ESCUELA NUEVA,EDUCACIÓN TRADICIONAL,SER HUMANO","0,1,2,3,4,5,22,23,24,25,26",840357.2589,1356812.38
154001007791,COL LUIS CARLOS GALAN SARMIENTO,254001002688,ESC RUR  EL PORTICO,SEDE,RURAL,VDA EL PORTICO - CORREG DE SAN PEDRO,NO TIENE,NUEVO-ACTIVO,"PREESCOLAR,BÁSICA PRIMARIA","ESCUELA NUEVA,EDUCACIÓN TRADICIONAL","0,1,2,3,4,5",840710.5217,1359603.609
154001007791,COL LUIS CARLOS GALAN SARMIENTO,154001002497,ESC URB JOSE EUSEBIO CARO NO 23,SEDE,URBANA,AV 8 NO 20-04 BARRIO CUBEROS NIÑO,5831218,ANTIGUO-ACTIVO,"PREESCOLAR,BÁSICA PRIMARIA",EDUCACIÓN TRADICIONAL,"0,1,2,3,4,5",842518.5341,1363053.639
154001007791,COL LUIS CARLOS GALAN SARMIENTO,154001000117,ESC URB SAN VICENTE DE PAUL NO 18,SEDE,URBANA,CLL 26 NO 0-35 BARRIO SAN RAFAEL,5835536,ANTIGUO-ACTIVO,"PREESCOLAR,BÁSICA PRIMARIA",EDUCACIÓN TRADICIONAL,"0,1,2,3,4,5",843073.008,1362552.864
154001007791,COL LUIS CARLOS GALAN SARMIENTO,154001002543,ESC URB ALIANZA PARA EL PROGRESO NO 36,SEDE,URBANA,AV 1A NO 28-90 BARRIO SAN RAFAEL,5714073,ANTIGUO-ACTIVO,"PREESCOLAR,BÁSICA PRIMARIA","EDUCACIÓN TRADICIONAL,CIRCULOS DE APRENDIZAJE","0,1,2,3,4,5",842922.9006,1362322.445
154001007791,COL LUIS CARLOS GALAN SARMIENTO,154001003400,ESC URB SAN PABLO NO 19,SEDE,URBANA,CLL 25 7A-35 BARRIO SANTO DOMINGO,5833660,ANTIGUO-ACTIVO,"PREESCOLAR,BÁSICA PRIMARIA","EDUCACIÓN TRADICIONAL,CIRCULOS DE APRENDIZAJE","0,1,2,3,4,5",842592.0531,1362770.992
154001007791,COL LUIS CARLOS GALAN SARMIENTO,154001007791,COL LUIS CARLOS GALAN SARMIENTO,PRINCIPAL,URBANA,IND CLL 26 NO 0-63 BARRIO SAN RAFAEL,5722963,ANTIGUO-ACTIVO,"MEDIA,BÁSICA SECUNDARIA,BÁSICA PRIMARIA","CAMINAR EN SECUNDARIA,PROGRAMA PARA JÓVENES EN EXTRAEDAD Y ADULTOS,FLEXIBLE ESCUELA INTEGRAL,A CRECER,EDUCACIÓN TRADICIONAL,ACELERACIÓN DEL APRENDIZAJE,CIRCULOS DE APRENDIZAJE,SER HUMANO","1,2,3,4,5,6,7,8,9,10,11,20,21,22,23,24,25,26,99",843023.9807,1362555.911
354001007714,INSTITUCION EDUCATIVA LA DIVINA PASTORA,354001007714,INSTITUCION EDUCATIVA LA DIVINA PASTORA,PRINCIPAL,URBANA,CL 31 31 60 BR LA DIVINA PASTORA,5823003 - 5828521,NUEVO-ACTIVO,"PREESCOLAR,MEDIA,BÁSICA SECUNDARIA,BÁSICA PRIMARIA","CAMINAR EN SECUNDARIA,CAMINAR EN SECUNDARIA II,PROGRAMA PARA JÓVENES EN EXTRAEDAD Y ADULTOS,FLEXIBLE ESCUELA INTEGRAL,CAMINAR EN SECUNDARIA I,EDUCACIÓN TRADICIONAL,CIRCULOS DE APRENDIZAJE,ACELERACIÓN DEL APRENDIZAJE,SER HUMANO","0,1,2,3,4,5,6,7,8,9,10,11,20,22,23,24,25,26,99",839063.0502,1363090.657
154001800130,INSTITUCION EDUCATIVA PEDRO CUADRO HERRERA,154001800130,INSTITUCION EDUCATIVA PEDRO CUADRO HERRERA - SEDE PRINCIPAL,PRINCIPAL,URBANA,IND MANZANA E BRR CIUDAD RODEO,5833997 - 3112438039,NUEVO-ACTIVO,"PREESCOLAR,MEDIA,BÁSICA SECUNDARIA,BÁSICA PRIMARIA",EDUCACIÓN TRADICIONAL,"0,1,2,3,4,5,6,7,8,9,10,11",837654.0522,1364451.794
154001002462,INSTITUCIÓN EDUCATIVA JULIO PÉREZ FERRERO,154001011116,SEDE TRES NUEVO HORIZONTE,SEDE,URBANA,AV 23 15 A 12,3157827684-3103128065,NUEVO-ACTIVO,"PREESCOLAR,MEDIA,BÁSICA SECUNDARIA,BÁSICA PRIMARIA","PROGRAMA PARA JÓVENES EN EXTRAEDAD Y ADULTOS,A CRECER,EDUCACIÓN TRADICIONAL,ACELERACIÓN DEL APRENDIZAJE,SER HUMANO","0,1,2,3,4,5,6,7,8,9,10,11,21,22,23,24,25,26,99",838191.7497,1365143.581
154001002462,INSTITUCIÓN EDUCATIVA JULIO PÉREZ FERRERO,354001000027,SEDE CUATRO SIMON BOLIVAR,SEDE,URBANA,AV 29 15 129,5724279-3212014659,NUEVO-ACTIVO,"PREESCOLAR,MEDIA,BÁSICA SECUNDARIA,BÁSICA PRIMARIA","PROGRAMA PARA JÓVENES EN EXTRAEDAD Y ADULTOS,EDUCACIÓN TRADICIONAL,CIRCULOS DE APRENDIZAJE,ACELERACIÓN DEL APRENDIZAJE,CAFAM,SER HUMANO","-1,0,1,2,3,4,5,6,7,8,9,10,11,21,22,23,24,25,26,99",840711.9477,1371342.529
154001002462,INSTITUCIÓN EDUCATIVA JULIO PÉREZ FERRERO,154001002268,ESC URB SAN MIGUEL NO 13,SEDE,URBANA,CLL 9 NO 16-47 BARRIO SAN MIGUEL,5723343,ANTIGUO-ACTIVO,"PREESCOLAR,MEDIA,BÁSICA SECUNDARIA,BÁSICA PRIMARIA","EDUCACIÓN TRADICIONAL,ACELERACIÓN DEL APRENDIZAJE,SER HUMANO","0,1,2,3,4,5,6,7,8,23,24,25,26,99",841326.9285,1364021.216
154001002462,INSTITUCIÓN EDUCATIVA JULIO PÉREZ FERRERO,154001002462,COL  JULIO PEREZ FERRERO,PRINCIPAL,URBANA,AV 19 NO 11-22 BARRIO CUNDINAMARCA,5730747,ANTIGUO-ACTIVO,"MEDIA,BÁSICA SECUNDARIA,BÁSICA PRIMARIA","CAMINAR EN SECUNDARIA,FLEXIBLE ESCUELA INTEGRAL,A CRECER,EDUCACIÓN TRADICIONAL,ACELERACIÓN DEL APRENDIZAJE,SER HUMANO","5,6,7,8,9,10,11,20,21,22,23,24,25,26,99",841118.0326,1363760.032
154001007987,COLEGIO RAFAEL URIBE URIBE,154001008282,COL BAS HOMBRES NUEVOS,SEDE,URBANA,AV 18 NO 10-60 BARRIO EL DESIERTO,NO TIENE,ANTIGUO-ACTIVO,"PREESCOLAR,BÁSICA PRIMARIA",EDUCACIÓN TRADICIONAL,"0,1,2,3,4,5",840812.33,1365250.331
154001007987,COLEGIO RAFAEL URIBE URIBE,154001006395,ESC CARLOS RAMIREZ PARIS NO 78,SEDE,URBANA,AV 5 NO 4-04 BARRIO CARLOS RAMIREZ PARIS,NO TIENE,ANTIGUO-ACTIVO,"PREESCOLAR,BÁSICA PRIMARIA","A CRECER,EDUCACIÓN TRADICIONAL","0,1,2,3,4,5,21,22",840352.8378,1365109.03
154001007987,COLEGIO RAFAEL URIBE URIBE,154001005160,ESC  NO 62 DOÑA NIDIA,SEDE,URBANA,AV 4 A NO 7-55 BARRIO DOÑA NIDIA,5788476,ANTIGUO-ACTIVO,"PREESCOLAR,BÁSICA PRIMARIA",EDUCACIÓN TRADICIONAL,"0,1,2,3,4,5",839936.2143,1364740.386
154001007987,COLEGIO RAFAEL URIBE URIBE,154001007987,COL  RAFAEL URIBE URIBE,PRINCIPAL,URBANA,AV 6 7 48,5814955,ANTIGUO-ACTIVO,"MEDIA,BÁSICA SECUNDARIA,BÁSICA PRIMARIA","PROGRAMA PARA JÓVENES EN EXTRAEDAD Y ADULTOS,A CRECER,EDUCACIÓN TRADICIONAL,SER HUMANO","6,7,8,9,10,11,21,22,23,24,25,26",839856.5686,1364721.958
154001011037,INSTITUCIÓN EDUCATIVA SAN BARTOLOMÉ,154001000869,ESC URB COMUNEROS NO 33,SEDE,URBANA,CLL 4  AV  5  BARRIO COMUNEROS,5786573,ANTIGUO-ACTIVO,"PREESCOLAR,BÁSICA SECUNDARIA,BÁSICA PRIMARIA,PRIMERA INFANCIA","ENTORNO INSTITUCIONAL,EDUCACIÓN TRADICIONAL,CIRCULOS DE APRENDIZAJE,ACELERACIÓN DEL APRENDIZAJE","-3,0,1,2,3,4,5,6,7,8,9,99",840855.2803,1366807.954
254001008058,COLEGIO FRAY MANUEL ALVAREZ,254001008651,CENT EDUC LA FUNDERA,SEDE,RURAL,VDA FUNDERA,NO TIENE,NUEVO-ACTIVO,"PREESCOLAR,BÁSICA PRIMARIA",ESCUELA NUEVA,"0,1,2,3,4,5",857396.8609,1381092.404
254001009151,INSTITUTO TÉCNICO RAFAEL GARCIA HERREROS,254001009526,CENT EDUC MIRAFLORES,SEDE,RURAL,CORREG BANCO DE ARENA,NO TIENE,NUEVO-ACTIVO,"PREESCOLAR,BÁSICA PRIMARIA",ESCUELA NUEVA,"0,1,2,3,4,5",845565.4361,1416371.085
154001011037,INSTITUCIÓN EDUCATIVA SAN BARTOLOMÉ,154001011037,COL SAN BARTOLOME,PRINCIPAL,URBANA,IND CLL 0 NO 4-37 AUTOP ATALAYA,NO TIENE,ANTIGUO-ACTIVO,"PREESCOLAR,MEDIA,BÁSICA SECUNDARIA,BÁSICA PRIMARIA","FLEXIBLE ESCUELA INTEGRAL,A CRECER,EDUCACIÓN TRADICIONAL,CIRCULOS DE APRENDIZAJE","0,1,2,3,4,5,6,7,8,9,10,11,21,22,23,24,25,26",840830.7659,1366583.682
154001000079,INST NAL DE ENSEÑANZA MEDIA DIVERSIFICADA INEM JOSE EUSEBIO CARO,154001007839,ESC URB MIGUEL MULLER,SEDE,URBANA,CLL 14N NO 12E-56 URB. ZULIMA,5745394,ANTIGUO-ACTIVO,"PREESCOLAR,MEDIA,BÁSICA SECUNDARIA,BÁSICA PRIMARIA","EDUCACIÓN TRADICIONAL,SER HUMANO","0,1,2,3,4,5,6,21,22,23,24,25,26",844129.4173,1367120.196
154001000079,INST NAL DE ENSEÑANZA MEDIA DIVERSIFICADA INEM JOSE EUSEBIO CARO,154001000800,ESC URB CIUDAD JARDIN NO 42,SEDE,URBANA,CLL 8A NO 14E-06 BARRIO CIUDAD JARDIN,5747717,ANTIGUO-ACTIVO,"PREESCOLAR,BÁSICA SECUNDARIA,BÁSICA PRIMARIA",EDUCACIÓN TRADICIONAL,"0,1,2,3,4,5,6",844384.0067,1366599.028
154001000079,INST NAL DE ENSEÑANZA MEDIA DIVERSIFICADA INEM JOSE EUSEBIO CARO,154001000079,INEM,PRINCIPAL,URBANA,CLL 4E NO 11E-121 BARRIO GUAIMARAL,5746298 -5744847 - 5740553 - 5745552,ANTIGUO-ACTIVO,"MEDIA,BÁSICA SECUNDARIA,BÁSICA PRIMARIA","FLEXIBLE ESCUELA INTEGRAL,EDUCACIÓN TRADICIONAL","6,7,8,9,10,11,22,23,24,25,26",844254.6212,1365918.984
154001006999,COL MUNICIPAL GREMIOS UNIDOS,154001006999,COL MUNICIPAL GREMIOS UNIDOS,PRINCIPAL,URBANA,CL 6 AN 4 73 BR COLPET,5790480 - 5792096,ANTIGUO-ACTIVO,"MEDIA,BÁSICA SECUNDARIA,BÁSICA PRIMARIA","FLEXIBLE ESCUELA INTEGRAL,PROGRAMA PARA JÓVENES EN EXTRAEDAD Y ADULTOS,EDUCACIÓN TRADICIONAL","1,2,3,4,5,6,7,8,9,10,11,21,22,23,24,25,26",842469.5382,1365609.741
154001006999,COL MUNICIPAL GREMIOS UNIDOS,154001000176,CENT EDUC 18 DE MAYO,SEDE,URBANA,CLL 1AN NO 7A-76 BARRIO SEVILLA,5780441,NUEVO-ACTIVO,"PREESCOLAR,BÁSICA SECUNDARIA,BÁSICA PRIMARIA",EDUCACIÓN TRADICIONAL,"0,1,2,3,4,5,6,7,8,9",842166.2806,1365588.239
154001006999,COL MUNICIPAL GREMIOS UNIDOS,154001001687,COL SIMON BOLIVAR,SEDE,URBANA,CL 2 5 12 BR PESCADERO,5781438,ANTIGUO-ACTIVO,"PREESCOLAR,MEDIA,BÁSICA SECUNDARIA,BÁSICA PRIMARIA",EDUCACIÓN TRADICIONAL,"0,1,3,4,5,6,7,10,11",842647.2042,1365698.835
154001002977,INST TEC GUAIMARAL,354001011411,INST LA ESPERANZA,SEDE,URBANA,AV 9E NO 0-10,5740916,ANTIGUO-ACTIVO,"PREESCOLAR,BÁSICA PRIMARIA","EDUCACIÓN TRADICIONAL,ACELERACIÓN DEL APRENDIZAJE","-2,-1,0,1,2,3,4,5,99",843915.3719,1365548.309
154001002977,INST TEC GUAIMARAL,154001004376,COL HERMOGENES MAZA,SEDE,URBANA,CLL 10AN NO 7E-134 BARRIO GUAIMARAL,5773807,ANTIGUO-ACTIVO,"PREESCOLAR,MEDIA,BÁSICA SECUNDARIA,BÁSICA PRIMARIA","CAMINAR EN SECUNDARIA,EDUCACIÓN TRADICIONAL","0,1,2,3,4,5,6,7,8,9,10,11",843656.5312,1366742.107
154001002977,INST TEC GUAIMARAL,154001002977,INST TEC GUAIMARAL,PRINCIPAL,URBANA,CLL 10AN NO 7E-34 BARRIO GUAIMARAL,5773807,ANTIGUO-ACTIVO,"PREESCOLAR,MEDIA,BÁSICA SECUNDARIA,BÁSICA PRIMARIA","FLEXIBLE ESCUELA INTEGRAL,EDUCACIÓN TRADICIONAL,ACELERACIÓN DEL APRENDIZAJE,SER HUMANO","0,1,2,3,4,5,6,7,8,9,10,11,21,22,23,24,25,26,99",843765.25,1366737.261
154001008495,COLEGIO MANUEL FERNÁNDEZ DE NOVOA,154001009645,ESC  HOMBRES Y MUJERES DE PENSAMIENTO NUEVO,SEDE,URBANA,LOS ALPES PARTE ALTA CLL 2,NO TIENE,ANTIGUO-ACTIVO,"PREESCOLAR,BÁSICA PRIMARIA","A CRECER,EDUCACIÓN TRADICIONAL,ACELERACIÓN DEL APRENDIZAJE,CIRCULOS DE APRENDIZAJE","0,1,2,3,4,5,21,99",841115.2663,1365117.129
154001008495,COLEGIO MANUEL FERNÁNDEZ DE NOVOA,154001000826,COL BAS LOS ALPES,SEDE,URBANA,TR 17 CLL 2 NO 13-96 BARRIO LOS ALPES,5822664,ANTIGUO-ACTIVO,"PREESCOLAR,BÁSICA PRIMARIA","EDUCACIÓN TRADICIONAL,ACELERACIÓN DEL APRENDIZAJE","0,1,2,3,4,5,99",841538.4295,1364975.624
154001008495,COLEGIO MANUEL FERNÁNDEZ DE NOVOA,154001000125,ESC URB  REYES MANTILLA NO 14,SEDE,URBANA,AV 10 NO 3-26 BARRIO CARORA,5834534,ANTIGUO-ACTIVO,"PREESCOLAR,BÁSICA SECUNDARIA,BÁSICA PRIMARIA",EDUCACIÓN TRADICIONAL,"0,1,2,3,4,5,6,7",841971.9464,1364811.876
154001008495,COLEGIO MANUEL FERNÁNDEZ DE NOVOA,154001008495,COL MANUEL ANTONIO FERNANDEZ DE NOVOA,PRINCIPAL,URBANA,AV 11 NO 3-14 BARRIOCARORA,5824665,ANTIGUO-ACTIVO,"MEDIA,BÁSICA SECUNDARIA,BÁSICA PRIMARIA","PROGRAMA PARA JÓVENES EN EXTRAEDAD Y ADULTOS,EDUCACIÓN TRADICIONAL,ACELERACIÓN DEL APRENDIZAJE,SER HUMANO","1,2,3,4,5,6,7,8,9,10,11,21,22,23,24,25,26,99",841863.0074,1364810.968
154001009017,COLEGIO EUSTORGIO COLMENARES BAPTISTA,254001002645,ESC EL CERRITO,SEDE,URBANA,CR 4 NO 4-59 BARRIO EL CERRITO,NO TIENE,ANTIGUO-ACTIVO,"PREESCOLAR,BÁSICA PRIMARIA","EDUCACIÓN TRADICIONAL,ACELERACIÓN DEL APRENDIZAJE","0,1,2,3,4,5,99",845139.7934,1371473.371
154001009017,COLEGIO EUSTORGIO COLMENARES BAPTISTA,254001006012,ESC NUEVA SAN GERARDO,SEDE,URBANA,VIA PANAMERICANA SAN FAUSTINO,NO TIENE,ANTIGUO-ACTIVO,"PREESCOLAR,BÁSICA PRIMARIA",EDUCACIÓN TRADICIONAL,"0,1,2,3,4,5",844472.6874,1370740.408
154001009017,COLEGIO EUSTORGIO COLMENARES BAPTISTA,254001007990,ESC GILMA CASADO DE VILA,SEDE,URBANA,CLL 1 NO 6-15 BARRIO LA INSULA,5870500,ANTIGUO-ACTIVO,"PREESCOLAR,BÁSICA PRIMARIA","EDUCACIÓN TRADICIONAL,ACELERACIÓN DEL APRENDIZAJE,SER HUMANO","0,1,2,3,4,5,20,99",843066.8473,1368426.983
154001009017,COLEGIO EUSTORGIO COLMENARES BAPTISTA,154001004325,ESC URB INTEGD PANAMERICANA NO 53,SEDE,URBANA,AV 8 NO 9-02 BARRIO PANAMERICANO,5875003,ANTIGUO-ACTIVO,"PREESCOLAR,BÁSICA PRIMARIA","EDUCACIÓN TRADICIONAL,ACELERACIÓN DEL APRENDIZAJE","0,1,2,3,4,5,99",843031.8235,1369108.587
154001009017,COLEGIO EUSTORGIO COLMENARES BAPTISTA,154001009017,INST EDUC COL EUSTORGIO COLMENARES BAPTISTA,PRINCIPAL,URBANA,AV 6 NO 16-43 BARRIO EL SALADO,5876139,ANTIGUO-ACTIVO,"PREESCOLAR,MEDIA,BÁSICA SECUNDARIA,BÁSICA PRIMARIA","CAMINAR EN SECUNDARIA,FLEXIBLE ESCUELA INTEGRAL,ESCUELA NUEVA,A CRECER,EDUCACIÓN TRADICIONAL,ACELERACIÓN DEL APRENDIZAJE,SER HUMANO","0,1,2,3,4,5,6,7,8,9,10,11,20,21,22,23,24,25,26,99",843501.7816,1369317.937
154001009017,COLEGIO EUSTORGIO COLMENARES BAPTISTA,154001000133,ESC LAS CUMBRES DEL NORTE,SEDE,URBANA,IND AV 9C 204 SALADO PARTE ALTA,5790480,NUEVO-ACTIVO,"PREESCOLAR,BÁSICA PRIMARIA",EDUCACIÓN TRADICIONAL,"0,1,2,3,4,5",843482.0886,1369883.491
154001008975,COL TOLEDO PLATA,154001008975,COL TOLEDO PLATA,PRINCIPAL,URBANA,CL 12 14 12 BR TOLEDO PLATA,5875244 - 3124504374,NUEVO-ACTIVO,"PREESCOLAR,MEDIA,BÁSICA SECUNDARIA,BÁSICA PRIMARIA","ESPERE,FLEXIBLE ESCUELA INTEGRAL,A CRECER,EDUCACIÓN TRADICIONAL,CIRCULOS DE APRENDIZAJE,SER HUMANO","0,1,2,3,4,5,6,7,8,9,10,11,20,21,22,23,24,25,26",841637.6646,1369900.289
154001001610,COL SAGRADO CORAZON DE JESUS,154001002403,ESC URB ANTONIA SANTOS NO 2,SEDE,URBANA,AV 9 NO 15-42 BARRIO EL PARAMO,5720983,ANTIGUO-ACTIVO,"PREESCOLAR,BÁSICA PRIMARIA",EDUCACIÓN TRADICIONAL,"0,1,2,3,4,5",842329.0746,1363492.065
154001001610,COL SAGRADO CORAZON DE JESUS,154001001610,COL SAGRADO CORAZON DE JESUS,PRINCIPAL,URBANA,CLL 16 NO 3-60 BARRIO LA PLAYA,5712417- 5710654-5715781,ANTIGUO-ACTIVO,"PREESCOLAR,MEDIA,BÁSICA SECUNDARIA,BÁSICA PRIMARIA",EDUCACIÓN TRADICIONAL,"0,3,4,5,6,7,8,9,10,11",842984.1647,1363575.919
154001000010,INSTITUTO TÉCNICO NACIONAL DE COMERCIO,154001000184,ESC URB  PILOTO NO 17 REPUBLICA DE VENEZUELA,SEDE,URBANA,CL 9 2 47 BR LATINO,5492395,ANTIGUO-ACTIVO,"PREESCOLAR,BÁSICA SECUNDARIA,BÁSICA PRIMARIA",EDUCACIÓN TRADICIONAL,"0,1,2,3,4,5,6",842962.7193,1364334.761
154001000010,INSTITUTO TÉCNICO NACIONAL DE COMERCIO,154001000010,INST TEC NACIONAL DE COMERCIO,PRINCIPAL,URBANA,CL 12 0 40,5712323,ANTIGUO-ACTIVO,"MEDIA,BÁSICA SECUNDARIA,BÁSICA PRIMARIA",EDUCACIÓN TRADICIONAL,"5,6,7,8,9,10,11",843250.7457,1364067.23
254001003323,INSTITUCION EDUCATIVA EL RODEO,254001003323,INST EDUC EL RODEO,PRINCIPAL,URBANA,IND MZ 8-42,5816978 - 3012059006,ANTIGUO-ACTIVO,"PREESCOLAR,MEDIA,BÁSICA SECUNDARIA,BÁSICA PRIMARIA","FLEXIBLE ESCUELA INTEGRAL,PROGRAMA PARA JÓVENES EN EXTRAEDAD Y ADULTOS,A CRECER,EDUCACIÓN TRADICIONAL,CIRCULOS DE APRENDIZAJE,SER HUMANO","0,1,2,3,4,5,6,7,8,9,10,11,20,21,22,23,24,25,26",838159.4939,1364457.885
454001006712,INST TEC BUENA ESPERANZA,254001002955,CENT EDUC LAS VACAS,SEDE,RURAL,VDA LAS VACAS CORREG BUENA ESPERANZA,NO TIENE,NUEVO-ACTIVO,"PREESCOLAR,BÁSICA PRIMARIA","ESCUELA NUEVA,EDUCACIÓN TRADICIONAL","0,1,2,3,4,5",840120.8483,1397323.311
454001006712,INST TEC BUENA ESPERANZA,254001002831,CENT EDUC LONDRES,SEDE,RURAL,CORREG BUENA ESPERANZA,NO TIENE,NUEVO-ACTIVO,"PREESCOLAR,BÁSICA PRIMARIA","ESCUELA NUEVA,EDUCACIÓN TRADICIONAL","0,1,2,3,4,5",841468.6654,1397467.63
454001006712,INST TEC BUENA ESPERANZA,254001005351,ESC NVA EL PLOMO,SEDE,RURAL,CORREG BUENA ESPERANZA,NO TIENE,NUEVO-ACTIVO,"PREESCOLAR,BÁSICA PRIMARIA","ESCUELA NUEVA,EDUCACIÓN TRADICIONAL","0,1,2,3,4,5",842786.8441,1394573.803
454001006712,INST TEC BUENA ESPERANZA,254001004389,ESC NVA LA SUSANITA,SEDE,RURAL,VDA LA SUSANITA,NO TIENE,NUEVO-ACTIVO,"PREESCOLAR,BÁSICA PRIMARIA","ESCUELA NUEVA,EDUCACIÓN TRADICIONAL","0,1,2,3,4,5",839514.6639,1389786.871
454001006712,INST TEC BUENA ESPERANZA,254001002891,ESC LOS REYES,SEDE,RURAL,VDA LOS REYES CORREG LA BUENA ESPERANZA,NO TIENE,NUEVO-ACTIVO,"PREESCOLAR,BÁSICA SECUNDARIA,BÁSICA PRIMARIA","POST PRIMARIA,ESCUELA NUEVA,EDUCACIÓN TRADICIONAL","0,1,2,3,4,5,6,7",842130.5454,1393060.24
454001006712,INST TEC BUENA ESPERANZA,254001002769,CENT EDUC LA ESPERANZA,SEDE,RURAL,CARRET VIA PUERTO SANTANDER KM 30,NO TIENE,ANTIGUO-ACTIVO,"PREESCOLAR,BÁSICA PRIMARIA","ESCUELA NUEVA,EDUCACIÓN TRADICIONAL,ACELERACIÓN DEL APRENDIZAJE","0,1,2,3,4,5,99",846516.3479,1394838.147
454001006712,INST TEC BUENA ESPERANZA,454001006712,INST TEC BUENA ESPERANZA,PRINCIPAL,RURAL,CORREG BUENA ESPERANZA,5666534,ANTIGUO-ACTIVO,"PREESCOLAR,MEDIA,BÁSICA SECUNDARIA,BÁSICA PRIMARIA","FLEXIBLE ESCUELA INTEGRAL,A CRECER,ESCUELA NUEVA,EDUCACIÓN TRADICIONAL","0,1,2,3,4,5,6,7,8,9,10,11,21,22,23,24,25,26",844062.9488,1398378.607
454001006712,INST TEC BUENA ESPERANZA,254001009534,ESC NVA BRISAS DEL ORIENTE,SEDE,RURAL,VDA CAMPO HERMOSO,NO TIENE,NUEVO-ACTIVO,"PREESCOLAR,BÁSICA PRIMARIA","ESCUELA NUEVA,EDUCACIÓN TRADICIONAL","0,1,2,3,4,5",834269.713,1382152.167
454001006712,INST TEC BUENA ESPERANZA,254001009542,CENT EDUC CAMPO HERMOSO,SEDE,RURAL,VDA CAMPO HERMOSO,NO TIENE,NUEVO-ACTIVO,"PREESCOLAR,BÁSICA PRIMARIA","ESCUELA NUEVA,EDUCACIÓN TRADICIONAL","0,1,2,3,4,5",834402.3047,1382911.689
454001006712,INST TEC BUENA ESPERANZA,254001002661,ESC RUR NVA EL LIMONCITO,SEDE,RURAL,VDA EL LIMONCITO,NO TIENE,NUEVO-ACTIVO,"PREESCOLAR,BÁSICA PRIMARIA","ESCUELA NUEVA,EDUCACIÓN TRADICIONAL","0,1,2,3,4,5",836239.8267,1387097.77
454001006712,INST TEC BUENA ESPERANZA,254001008040,COL BAS SAN JOSE DE LA VEGA,SEDE,RURAL,VDA SAN JOSE DE LA VEGA,NO TIENE,NUEVO-ACTIVO,"PREESCOLAR,MEDIA,BÁSICA SECUNDARIA,BÁSICA PRIMARIA","POST PRIMARIA,ESCUELA NUEVA,EDUCACIÓN TRADICIONAL,ACELERACIÓN DEL APRENDIZAJE","0,1,2,3,4,5,6,7,8,9,10,11,99",833951.3377,1385071.263
154001005852,COLEGIO PABLO CORREA LEON,154001005194,ESC URB CLUB DE LEONES VALLE ESTHER,SEDE,URBANA,AV 18 NO 14-98 BARRIO VALLE ESTHER,5842119,ANTIGUO-ACTIVO,"PREESCOLAR,MEDIA,BÁSICA SECUNDARIA,BÁSICA PRIMARIA","PROGRAMA PARA JÓVENES EN EXTRAEDAD Y ADULTOS,EDUCACIÓN TRADICIONAL,CIRCULOS DE APRENDIZAJE,ACELERACIÓN DEL APRENDIZAJE","0,1,2,3,4,5,21,22,23,24,25,26,99",846255.6908,1364149.455
154001005852,COLEGIO PABLO CORREA LEON,154001005232,ESC URB  GUILLERMO LEON VALENCIA NO 76,SEDE,URBANA,CLL 25 AV AGUAS CALIENTES,5764074,ANTIGUO-ACTIVO,"PREESCOLAR,BÁSICA PRIMARIA","A CRECER,EDUCACIÓN TRADICIONAL,ACELERACIÓN DEL APRENDIZAJE","0,1,2,3,4,5,21,99",846174.5918,1363413.402
154001005852,COLEGIO PABLO CORREA LEON,154001007499,ESC URB  NO 72 MARIA AUXILIADORA,SEDE,URBANA,CLL 10B NO 12B-42 BARRIO TORCOROMA,5843540,ANTIGUO-ACTIVO,"PREESCOLAR,BÁSICA PRIMARIA","EDUCACIÓN TRADICIONAL,ACELERACIÓN DEL APRENDIZAJE","0,1,2,3,4,5,99",845735.0857,1364656.884
154001005852,COLEGIO PABLO CORREA LEON,154001005852,COL PABLO CORREA LEON,PRINCIPAL,URBANA,AV 16 11 10 BR LA LIBERTAD,5841290,ANTIGUO-ACTIVO,"MEDIA,BÁSICA SECUNDARIA,BÁSICA PRIMARIA","CAMINAR EN SECUNDARIA,PROGRAMA PARA JÓVENES EN EXTRAEDAD Y ADULTOS,FLEXIBLE ESCUELA INTEGRAL,A CRECER,EDUCACIÓN TRADICIONAL,ACELERACIÓN DEL APRENDIZAJE,SER HUMANO","6,7,8,9,10,11,20,21,22,23,24,25,26,99",845792.5633,1364492.023
154001004716,COL SAN JOSÉ DE CÚCUTA,154001000192,ESC URB MERCEDES ABREGO NO 12,SEDE,URBANA,AV 12 NO 9-01 BARRIO EL LLANO,5727618,ANTIGUO-ACTIVO,"PREESCOLAR,BÁSICA PRIMARIA","EDUCACIÓN TRADICIONAL,CIRCULOS DE APRENDIZAJE","0,1,2,3,4,5",841908.9431,1364116.641
154001004716,COL SAN JOSÉ DE CÚCUTA,154001002438,ESC URB DE NINAS CRISTO REY,SEDE,URBANA,CLL 20A NO 4-63,5832190,NUEVO-ACTIVO,"PREESCOLAR,BÁSICA PRIMARIA","EDUCACIÓN TRADICIONAL,CIRCULOS DE APRENDIZAJE","0,1,2,3,4,5",842959.66,1363062.855
154001004716,COL SAN JOSÉ DE CÚCUTA,154001002357,ESC URB LA CABRERA NO 45,SEDE,URBANA,AV 6 NO 19-76 BARRIO LA CABRERA,5831806,ANTIGUO-ACTIVO,"PREESCOLAR,BÁSICA PRIMARIA","EDUCACIÓN TRADICIONAL,CIRCULOS DE APRENDIZAJE","0,1,2,3,4,5",842757.4766,1363099.721
154001004716,COL SAN JOSÉ DE CÚCUTA,154001004716,COL SAN JOSÉ DE CÚCUTA - SEDE PRINCIPAL,PRINCIPAL,URBANA,CL 13 5 65,5720888,ANTIGUO-ACTIVO,"MEDIA,BÁSICA SECUNDARIA,BÁSICA PRIMARIA","FLEXIBLE ESCUELA INTEGRAL,PROGRAMA PARA JÓVENES EN EXTRAEDAD Y ADULTOS,EDUCACIÓN TRADICIONAL","6,7,8,9,10,11,21,22,23,24,25,26",842689.7437,1363808.268
154001008959,COLEGIO JOSÉ AQUILINO DURAN,154001002314,ESC URB VARONES NO 28 ATANASIO GIRARDOT,SEDE,URBANA,AV 24 NO 24-21 BARRIO NUEVO,5826615,ANTIGUO-ACTIVO,"PREESCOLAR,BÁSICA PRIMARIA","A CRECER,EDUCACIÓN TRADICIONAL","0,1,2,3,4,5,21",840530.0009,1362589.535
154001008959,COLEGIO JOSÉ AQUILINO DURAN,154001002292,ESC URB MIX  NO 24 LAS ANGUSTIAS,SEDE,URBANA,CLL 22 AV19 BARRIO SANTANDER,5821432,ANTIGUO-ACTIVO,"PREESCOLAR,MEDIA,BÁSICA SECUNDARIA,BÁSICA PRIMARIA","A CRECER,EDUCACIÓN TRADICIONAL,ACELERACIÓN DEL APRENDIZAJE,SER HUMANO","0,1,2,3,4,5,20,21,22,23,24,25,26,99",841087.9337,1362921.564
154001008959,COLEGIO JOSÉ AQUILINO DURAN,154001002241,COL BAS PEDRO FORTOUL,SEDE,URBANA,CLL 28 NO 22-77 BARRIO SANTANDER,5824472,ANTIGUO-ACTIVO,"PREESCOLAR,MEDIA,BÁSICA SECUNDARIA,BÁSICA PRIMARIA","EDUCACIÓN TRADICIONAL,ACELERACIÓN DEL APRENDIZAJE","0,1,2,3,4,5,6,7,8,9,10,11,99",840827.5184,1362297.91
154001008959,COLEGIO JOSÉ AQUILINO DURAN,154001008959,COL JOSE AQUILINO DURAN,PRINCIPAL,URBANA,AV 17A NO 19-41 BARRIO SAN JOSE,5820954 - 5827890,ANTIGUO-ACTIVO,"MEDIA,BÁSICA SECUNDARIA,BÁSICA PRIMARIA","FLEXIBLE ESCUELA INTEGRAL,A CRECER,EDUCACIÓN TRADICIONAL,ACELERACIÓN DEL APRENDIZAJE","6,7,8,9,10,11,21,22,23,24,25,26,99",841431.039,1363142.753
254001002815,COL PUERTO NUEVO,254001009941,ESC RUR AGUA BLANCA,SEDE,RURAL,VIA PUERTO SANTANDER,NO TIENE,NUEVO-ACTIVO,"PREESCOLAR,BÁSICA PRIMARIA","ESCUELA NUEVA,EDUCACIÓN TRADICIONAL","0,1,2,3,4,5",844577.1524,1381696.013
254001002815,COL PUERTO NUEVO,254001002904,ESC RUR PATILLALES,SEDE,RURAL,VIA PUERTO SANTANDER,NO TIENE,NUEVO-ACTIVO,"PREESCOLAR,BÁSICA PRIMARIA","ESCUELA NUEVA,EDUCACIÓN TRADICIONAL","0,1,2,3,4,5",842641.1139,1375563.792
254001002815,COL PUERTO NUEVO,254001002815,CENT EDUC PUERTO NUEVO,PRINCIPAL,RURAL,CASER PUERTO NUEVO-VIA A PUERTO SANTAN,NO TIENE,ANTIGUO-ACTIVO,"PREESCOLAR,MEDIA,BÁSICA SECUNDARIA,BÁSICA PRIMARIA","FLEXIBLE ESCUELA INTEGRAL,ESCUELA NUEVA,EDUCACIÓN TRADICIONAL","0,1,2,3,4,5,6,7,8,9,10,11,22,23,24,25,26",847353.8924,1390719.996
254001002815,COL PUERTO NUEVO,254001009046,ESC RUR BERLIN,SEDE,RURAL,VIA PUERTO SANTANDER,NO TIENE,NUEVO-ACTIVO,"PREESCOLAR,BÁSICA PRIMARIA","ESCUELA NUEVA,EDUCACIÓN TRADICIONAL","0,1,2,3,4,5",849055.5842,1395765.938
254001002815,COL PUERTO NUEVO,254001002599,ESC RUR ALTO VIENTO,SEDE,RURAL,VIA PUERTO SANTANDER,NO TIENE,NUEVO-ACTIVO,"PREESCOLAR,BÁSICA PRIMARIA","ESCUELA NUEVA,EDUCACIÓN TRADICIONAL","0,1,2,3,4,5",849223.7633,1395482.095
254001002815,COL PUERTO NUEVO,254001001398,ESC RUR LA ESPERANZA,SEDE,RURAL,VIA PUERTO SANTANDER,NO TIENE,NUEVO-ACTIVO,"PREESCOLAR,BÁSICA PRIMARIA","ESCUELA NUEVA,A CRECER,EDUCACIÓN TRADICIONAL","0,1,2,3,4,5,21",847159.1625,1393774.002
254001002815,COL PUERTO NUEVO,254001002742,ESC RUR LA ARENOSA,SEDE,RURAL,VIA PUERTO SANTANDER,NO TIENE,NUEVO-ACTIVO,"PREESCOLAR,MEDIA,BÁSICA SECUNDARIA,BÁSICA PRIMARIA","ESCUELA NUEVA,EDUCACIÓN TRADICIONAL,SER HUMANO","0,1,2,3,4,5,22,23,24,25,26",844713.4902,1385110.603
154001008274,COL PABLO NERUDA,154001007472,ESC NO 6 LA GRUTA,SEDE,URBANA,MZ J1 1 ETAPA BARRIO ATALAYA,5788296,ANTIGUO-ACTIVO,"PREESCOLAR,BÁSICA PRIMARIA",EDUCACIÓN TRADICIONAL,"0,1,2,3,4,5",841333.1102,1366239.572
154001008274,COL PABLO NERUDA,154001005313,ESC URB INTEGD GABRIELA MISTRAL,SEDE,URBANA,AV 3 NO 3-39 LA VICTORIA,5812584,ANTIGUO-ACTIVO,"PREESCOLAR,BÁSICA PRIMARIA",EDUCACIÓN TRADICIONAL,"0,1,2,3,4,5",840360.3269,1366340.813
154001008274,COL PABLO NERUDA,154001008274,COL PABLO NERUDA,PRINCIPAL,URBANA,MZ J3 LOTE 15 1 ETAPA  BARRIO ATALAYA,5813705,ANTIGUO-ACTIVO,"MEDIA,BÁSICA SECUNDARIA,BÁSICA PRIMARIA","A CRECER,EDUCACIÓN TRADICIONAL","6,7,8,9,10,11,21",840328.4044,1366448.528
154001007588,COL PBRO DANIEL JORDAN,154001004783,ESC NO 56 TERESA GUASCH,SEDE,URBANA,AV  5 NO  7-40 BARRIO DOÑA CECI,5811067,ANTIGUO-ACTIVO,"PREESCOLAR,BÁSICA PRIMARIA",EDUCACIÓN TRADICIONAL,"0,1,2,3,4,5",839844.388,1365846.397
154001007588,COL PBRO DANIEL JORDAN,154001007588,COL PBRO DANIEL JORDAN,PRINCIPAL,URBANA,AV 5 10 49,5788961,ANTIGUO-ACTIVO,"MEDIA,BÁSICA SECUNDARIA,BÁSICA PRIMARIA","A CRECER,EDUCACIÓN TRADICIONAL,ACELERACIÓN DEL APRENDIZAJE","6,7,8,9,10,11,21,22,99",839960.7789,1365689.706
154001009467,INST EDUC MUNICIPAL AEROPUERTO,154001008487,CENT DOC LUIS CARLOS GALAN SARMIENTO NO 2,SEDE,URBANA,CLL 21 NO 4-91 BARRIO PORVENIR,5876519,ANTIGUO-ACTIVO,"PREESCOLAR,BÁSICA PRIMARIA","A CRECER,EDUCACIÓN TRADICIONAL,ACELERACIÓN DEL APRENDIZAJE","0,1,2,3,4,5,21,22,99",842609.6788,1370107.905
154001009467,INST EDUC MUNICIPAL AEROPUERTO,154001008193,CENT EDUC VIRGILIO BARCO,SEDE,URBANA,CLL 24 NO 2-45 BARRIO VIRGILIO BARCO,5875781,ANTIGUO-ACTIVO,"PREESCOLAR,MEDIA,BÁSICA SECUNDARIA,BÁSICA PRIMARIA","PROGRAMA PARA JÓVENES EN EXTRAEDAD Y ADULTOS,A CRECER,EDUCACIÓN TRADICIONAL,SER HUMANO","0,1,2,3,4,5,6,7,8,9,10,20,21,22,23,24,25,26",842867.3638,1370256.923
154001009467,INST EDUC MUNICIPAL AEROPUERTO,154001009467,INST EDUC COL MUNICIPAL AEROPUERTO,PRINCIPAL,URBANA,CL 9 3 60,5876532 - 5876866,ANTIGUO-ACTIVO,"PREESCOLAR,MEDIA,BÁSICA SECUNDARIA,BÁSICA PRIMARIA","PROGRAMA PARA JÓVENES EN EXTRAEDAD Y ADULTOS,FLEXIBLE ESCUELA INTEGRAL,A CRECER,EDUCACIÓN TRADICIONAL,ACELERACIÓN DEL APRENDIZAJE","0,1,2,3,4,5,6,7,8,10,11,21,22,23,24,25,26,99",842521.3595,1369340.667
154001004732,COLEGIO CARLOS PÉREZ ESCALANTE,154001005844,ESC  URB NSTRA SRA DE CHIQUINQUIRA NO 61,SEDE,URBANA,AV 2 NO 15-45 BARRIO SAN LUIS,5762312,ANTIGUO-ACTIVO,"PREESCOLAR,BÁSICA PRIMARIA",EDUCACIÓN TRADICIONAL,"0,1",844840.581,1364595.555
154001004732,COLEGIO CARLOS PÉREZ ESCALANTE,154001000052,ESC URB  SANTA ISABEL DE HUNGRIA,SEDE,URBANA,AV 3 NO 12-18 BARRIO SAN LUIS,5760882,ANTIGUO-ACTIVO,"PREESCOLAR,BÁSICA PRIMARIA",EDUCACIÓN TRADICIONAL,"0,1,2,3",844982.562,1364913.875
154001004732,COLEGIO CARLOS PÉREZ ESCALANTE,154001003612,ESC URB  MARCO FIDEL SUAREZ NO 9,SEDE,URBANA,CLL. 11 NO  2-27 BARRIO SAN LUIS,5763356,ANTIGUO-ACTIVO,"BÁSICA SECUNDARIA,BÁSICA PRIMARIA","EDUCACIÓN TRADICIONAL,ACELERACIÓN DEL APRENDIZAJE","3,4,5,6,99",844955.4797,1365026.192
154001004732,COLEGIO CARLOS PÉREZ ESCALANTE,154001004732,COL CARLOS PEREZ ESCALANTE,PRINCIPAL,URBANA,CLL 13 NO 2-26 BARRIO SAN LUIS,5764075,ANTIGUO-ACTIVO,"MEDIA,BÁSICA SECUNDARIA,BÁSICA PRIMARIA","PROGRAMA PARA JÓVENES EN EXTRAEDAD Y ADULTOS,A CRECER,EDUCACIÓN TRADICIONAL,ACELERACIÓN DEL APRENDIZAJE,SER HUMANO","6,7,8,9,10,11,21,22,23,24,25,26,99",844930.3616,1364865.823
154001000095,INSTITUTO TECNICO MERCEDES ABREGO,154001003582,JARD INFL NAL,SEDE,URBANA,AV 13 E CL 4 Y 5 BR COLSAG,5893638 Y  3212081510,NUEVO-ACTIVO,"PREESCOLAR,BÁSICA PRIMARIA",EDUCACIÓN TRADICIONAL,"0,1,2,3,4,5",844543.3486,1365062.914
154001000095,INSTITUTO TECNICO MERCEDES ABREGO,154001000095,INST TEC MERCEDES ABREGO,PRINCIPAL,URBANA,IND AVENIDA LIBERTADORES CALLE 8N # 16E-30,5893638 - 3212080305,ANTIGUO-ACTIVO,"MEDIA,BÁSICA SECUNDARIA",EDUCACIÓN TRADICIONAL,"6,7,8,9,10,11",844610.6797,1366589.819
354001006823,COL NUESTRA SEÑORA DE FATIMA,354001006823,COL NSTRA SRA DE FATIMA,PRINCIPAL,URBANA,CLL 7A NO 6E-22 BARRIO QUINTA ORIENTAL,5753553 - 5755452,ANTIGUO-ACTIVO,"PREESCOLAR,MEDIA,BÁSICA SECUNDARIA,BÁSICA PRIMARIA",EDUCACIÓN TRADICIONAL,"-2,-1,0,1,2,3,4,5,6,7,8,9,10,11",843908.198,1364921.003
354001012025,COLEGIO BICENTENARIO,354001012025,COLEGIO BICENTENARIO - SEDE PRINCIPAL,PRINCIPAL,URBANA,AV 47 CL 13,3003684086,NUEVO-ACTIVO,"PREESCOLAR,MEDIA,BÁSICA SECUNDARIA,BÁSICA PRIMARIA","EDUCACIÓN TRADICIONAL,SER HUMANO","0,1,2,3,4,5,6,7,8,9,10,11,20,21",839029.6053,1366156.753
154001010449,I.E. MISAEL PASTRANA BORRERO,154001000893,COL BAS SAN MATEO,SEDE,URBANA,AV 4 NO 24-10 BARRIO SAN MATEO,5762614,ANTIGUO-ACTIVO,"PREESCOLAR,BÁSICA SECUNDARIA,BÁSICA PRIMARIA","EDUCACIÓN TRADICIONAL,CIRCULOS DE APRENDIZAJE,CAFAM","0,1,2,3,4,5,23",844641.4333,1363536.016
154001010449,I.E. MISAEL PASTRANA BORRERO,154001000907,COL BAS MARIA GORETTI,SEDE,URBANA,AV 5 NO 19-38 BARRIO SANTA TERESITA,5763043,ANTIGUO-ACTIVO,"PREESCOLAR,BÁSICA PRIMARIA","EDUCACIÓN TRADICIONAL,CIRCULOS DE APRENDIZAJE","0,1,2,3,4,5",845018.8766,1364157.736
154001010449,I.E. MISAEL PASTRANA BORRERO,154001010449,I.E. MISAEL PASTRANA BORRERO - SEDE PRINCIPAL,PRINCIPAL,URBANA,AV 3 21 23,5845000-5845110,ANTIGUO-ACTIVO,"BÁSICA SECUNDARIA,MEDIA,BÁSICA PRIMARIA","PROGRAMA PARA JÓVENES EN EXTRAEDAD Y ADULTOS,EDUCACIÓN TRADICIONAL,CAFAM","5,6,7,8,9,10,11,21,22,23,24,25,26",844736.336,1363854.156
254001009151,INSTITUTO TÉCNICO RAFAEL GARCIA HERREROS,254001001037,CENT EDUC ESC RUR  PALMARITO,SEDE,RURAL,CORREG PALMARITO,NO TIENE,NUEVO-ACTIVO,"PREESCOLAR,BÁSICA PRIMARIA","ESCUELA NUEVA,EDUCACIÓN TRADICIONAL","0,1,2,3,4,5",844658.242,1411560.529
154001003426,COL MARIANO OSPINA RODRIGUEZ,154001009297,ESC EL PARAISO,SEDE,URBANA,CLL  14 NO 10-27 BARRIO EL PARAISO,5795553,ANTIGUO-ACTIVO,"PREESCOLAR,BÁSICA PRIMARIA","PROGRAMA PARA JÓVENES EN EXTRAEDAD Y ADULTOS,EDUCACIÓN TRADICIONAL","0,1,2,3,4,21",840139.8928,1368528.173
254001008058,COLEGIO FRAY MANUEL ALVAREZ,254001006489,ESC  RUR NUEVO PORVENIR,SEDE,URBANA,IND VIA SAN FAUSTINO,NO TIENE,NUEVO-ACTIVO,"PREESCOLAR,BÁSICA PRIMARIA","ESCUELA NUEVA,A CRECER,EDUCACIÓN TRADICIONAL","0,1,2,3,4,5,21",846536.5643,1373005.312
254001008058,COLEGIO FRAY MANUEL ALVAREZ,254001008643,CENT EDUC LA SABANA,SEDE,RURAL,VDA LA SABANA,NO TIENE,NUEVO-ACTIVO,"PREESCOLAR,BÁSICA PRIMARIA","ESCUELA NUEVA,EDUCACIÓN TRADICIONAL","-1,0,1,2,3,4,5",855295.0475,1384635.437
254001008058,COLEGIO FRAY MANUEL ALVAREZ,254001002751,CENT EDUC LA CHINA,SEDE,RURAL,KM 33 VIA SAN FAUSTINO - VDA LA CHINA,NO TIENE,NUEVO-ACTIVO,"PREESCOLAR,BÁSICA PRIMARIA",ESCUELA NUEVA,"0,1,2,3,4",857631.2439,1389902.36
254001008058,COLEGIO FRAY MANUEL ALVAREZ,254001002653,CENT EDUC EL DESCANSO,SEDE,RURAL,VDA EL DESCANSO,NO TIENE,NUEVO-ACTIVO,"PREESCOLAR,BÁSICA PRIMARIA","ESCUELA NUEVA,A CRECER","0,1,2,3,4,5,21",857891.5656,1380533.1
254001008058,COLEGIO FRAY MANUEL ALVAREZ,254001002629,CENT EDUC EL ARRAYAN,SEDE,RURAL,VDA EL ARRAYAN,NO TIENE,NUEVO-ACTIVO,"PREESCOLAR,BÁSICA PRIMARIA",ESCUELA NUEVA,"0,1,2,3,4,5",855911.8956,1381551.634
254001008058,COLEGIO FRAY MANUEL ALVAREZ,254001007523,CENT EDUC CERRO TASAJERO,SEDE,RURAL,VDA PASO DE LOS RIOS-VIA SAN FAUSTINO,NO TIENE,NUEVO-ACTIVO,"PREESCOLAR,BÁSICA PRIMARIA",ESCUELA NUEVA,"0,1,2,3,4,5",850662.5851,1381415.611
254001008058,COLEGIO FRAY MANUEL ALVAREZ,254001002921,ESC RUR INTEGD SAN FAUSTINO,SEDE,RURAL,CORREG SAN FAUSTINO,NO TIENE,ANTIGUO-ACTIVO,"PREESCOLAR,BÁSICA PRIMARIA",EDUCACIÓN TRADICIONAL,"-1,0,1,2,3,4,5",853423.9031,1383518.641
254001008058,COLEGIO FRAY MANUEL ALVAREZ,254001008058,COL FRAY MANUEL ALVAREZ,PRINCIPAL,RURAL,CORREG SAN FAUSTINO,5666547,ANTIGUO-ACTIVO,"MEDIA,BÁSICA SECUNDARIA,BÁSICA PRIMARIA","FLEXIBLE ESCUELA INTEGRAL,EDUCACIÓN TRADICIONAL,ETNOEDUCATIVO PARA COMUNIDADES NEGRAS - PACIFICO COLOMBIANO","6,7,8,9,10,11,21,22,23,24,25,26",853480.988,1383371.96
254001008058,COLEGIO FRAY MANUEL ALVAREZ,254001002998,CENT EDUC TIO JOSE,SEDE,RURAL,VDA STA CECILIA CORREG SAN FAUSTINO,NO TIENE,NUEVO-ACTIVO,"PREESCOLAR,BÁSICA PRIMARIA",ESCUELA NUEVA,"0,1,2,3,4,5",848991.1681,1373741.519
254001008058,COLEGIO FRAY MANUEL ALVAREZ,254001010168,CENT EDUC RICAURTE,SEDE,RURAL,CORREG RICAURTE,NO TIENE,NUEVO-ACTIVO,"PREESCOLAR,BÁSICA PRIMARIA",ESCUELA NUEVA,"0,1,2,3,4,5",859088.7281,1379669.323
154001011037,INSTITUCIÓN EDUCATIVA SAN BARTOLOMÉ,154001006387,ESC URB CERRO NORTE,SEDE,URBANA,AV 10 NO 6BN-123 BARRIO CERRO NORTE,5813230,NUEVO-ACTIVO,"PREESCOLAR,BÁSICA PRIMARIA","ESCUELA NUEVA,EDUCACIÓN TRADICIONAL,CIRCULOS DE APRENDIZAJE","0,1,2,3,4,5",842235.2449,1366494.349
254001009151,INSTITUTO TÉCNICO RAFAEL GARCIA HERREROS,254001005946,CENT EDUC PUERTO LEON,SEDE,RURAL,CORREG BANCO DE ARENA,NO TIENE,NUEVO-ACTIVO,"PREESCOLAR,BÁSICA SECUNDARIA,BÁSICA PRIMARIA","ESCUELA NUEVA,EDUCACIÓN TRADICIONAL","0,1,2,3,4,5,6,7",849513.0037,1415327.388
254001009151,INSTITUTO TÉCNICO RAFAEL GARCIA HERREROS,254001000316,CENT EDUC VIGILANCIA,SEDE,RURAL,CORREG BANCO DE ARENA,NO TIENE,NUEVO-ACTIVO,"PREESCOLAR,BÁSICA PRIMARIA",ESCUELA NUEVA,"0,1,2,3,4,5",847763.7859,1422225.854
154001011037,INSTITUCIÓN EDUCATIVA SAN BARTOLOMÉ,154001009564,COL MPAL JESUS OBRERO,SEDE,URBANA,IND AV 10 NO 6BN-123,5813230,NUEVO-ACTIVO,BÁSICA SECUNDARIA,EDUCACIÓN TRADICIONAL,"6,7,8,9",842234.3985,1366534.292
154001002977,INST TEC GUAIMARAL,154001010074,CENT DOC ALMA LUZ VEGA RANGEL,SEDE,URBANA,CLL 6BN NO 12E-73 BARRIO LOS ACACIOS,5746889,ANTIGUO-ACTIVO,"PREESCOLAR,BÁSICA PRIMARIA",EDUCACIÓN TRADICIONAL,"0,1,2,3,4,5",844177.4444,1366221.297
254001009151,INSTITUTO TÉCNICO RAFAEL GARCIA HERREROS,254001001312,ESC RUR EL VEINTICINCO,SEDE,RURAL,VDA KM 25 CORREG BANCO DE ARENA,NO TIENE,NUEVO-ACTIVO,"PREESCOLAR,BÁSICA PRIMARIA",ESCUELA NUEVA,"0,1,2,3,4,5",844330.7127,1422623.46
254001009151,INSTITUTO TÉCNICO RAFAEL GARCIA HERREROS,254001002602,CENT EDUC BANCO DE ARENA,SEDE,RURAL,VDA BANCO DE ARENA,NO TIENE,NUEVO-ACTIVO,"PREESCOLAR,BÁSICA SECUNDARIA,BÁSICA PRIMARIA","ESCUELA NUEVA,A CRECER,EDUCACIÓN TRADICIONAL","0,1,2,3,4,5,6,7,21",845528.897,1414965.768
254001009151,INSTITUTO TÉCNICO RAFAEL GARCIA HERREROS,254001002203,CENT EDUC LA PUNTA,SEDE,RURAL,VDA LA PUNTA - CORREG BANCO DE,NO TIENE,NUEVO-ACTIVO,"PREESCOLAR,BÁSICA PRIMARIA",ESCUELA NUEVA,"0,1,2,3,4,5",844548.6766,1416458.316
254001009151,INSTITUTO TÉCNICO RAFAEL GARCIA HERREROS,254001008023,CENT EDUC EL AMPARO,SEDE,RURAL,VDA EL AMPARO - CORREG PALMARITO,NO TIENE,NUEVO-ACTIVO,"PREESCOLAR,BÁSICA PRIMARIA",ESCUELA NUEVA,"0,1,2,3,4,5",846023.1787,1414939.934
254001009151,INSTITUTO TÉCNICO RAFAEL GARCIA HERREROS,254001009518,CENT EDUC 5 DE MAYO,SEDE,RURAL,VDA 5 DE MAYO CORREG PALMARITO,NO TIENE,NUEVO-ACTIVO,"PREESCOLAR,BÁSICA PRIMARIA",ESCUELA NUEVA,"0,1,2,3,4,5",845032.5379,1413051.728
154001010449,I.E. MISAEL PASTRANA BORRERO,154001010228,CENT DOC NUEVO MILENIO,SEDE,URBANA,AV 3 21 22,NO TIENE,NUEVO-ACTIVO,"BÁSICA SECUNDARIA,BÁSICA PRIMARIA","EDUCACIÓN TRADICIONAL,CIRCULOS DE APRENDIZAJE","1,2,3,4,5,6",844727.4879,1363828.609
254001009151,INSTITUTO TÉCNICO RAFAEL GARCIA HERREROS,254001008031,CENT EDUC MONTEVERDE,SEDE,RURAL,CORREG PALMARITO,NO TIENE,NUEVO-ACTIVO,"PREESCOLAR,BÁSICA PRIMARIA","ESCUELA NUEVA,A CRECER,EDUCACIÓN TRADICIONAL","0,1,2,3,4,5,21",842043.4417,1407158.141
254001008058,COLEGIO FRAY MANUEL ALVAREZ,254001003188,CENT EDUC LOS NEGROS,SEDE,RURAL,VDA LOS NEGROS CORREG RICAURTE,NO TIENE,NUEVO-ACTIVO,"PREESCOLAR,BÁSICA PRIMARIA","ESCUELA NUEVA,EDUCACIÓN TRADICIONAL","0,1,2,3,4,5",859705.8578,1382548.959
254001009151,INSTITUTO TÉCNICO RAFAEL GARCIA HERREROS,254001009151,INST TEC RAFAEL GARCIA HERREROS,PRINCIPAL,RURAL,CORREG PALMARITO,NO TIENE,ANTIGUO-ACTIVO,"PREESCOLAR,MEDIA,BÁSICA SECUNDARIA,BÁSICA PRIMARIA","FLEXIBLE ESCUELA INTEGRAL,ESCUELA NUEVA,EDUCACIÓN TRADICIONAL","0,1,2,3,4,5,6,7,8,9,10,11,22,23,24,25,26",843746.1045,1410046.729
154001000036,COLEGIO JAIME GARZON,154001000109,ESC  NIÑAS NO 24,SEDE,URBANA,AV  21 NO 2N-41 BARRIO CUCUTA 75,5788892,ANTIGUO-ACTIVO,"PREESCOLAR,BÁSICA SECUNDARIA,BÁSICA PRIMARIA","EDUCACIÓN TRADICIONAL,ACELERACIÓN DEL APRENDIZAJE","0,1,2,3,4,5,6,7,99",840650.8682,1366006.073
154001000036,COLEGIO JAIME GARZON,154001000036,COL JAIME GARZON,PRINCIPAL,URBANA,CLL 20 AV 2,5813674,ANTIGUO-ACTIVO,"PREESCOLAR,MEDIA,BÁSICA SECUNDARIA,BÁSICA PRIMARIA","FLEXIBLE ESCUELA INTEGRAL,A CRECER,EDUCACIÓN TRADICIONAL,ACELERACIÓN DEL APRENDIZAJE,SER HUMANO","0,1,2,3,4,5,6,7,8,9,10,11,20,21,22,23,24,25,26,99",840561.0726,1366034.08
154001000036,COLEGIO JAIME GARZON,154001000796,ESC PABLO VI NO 43,SEDE,URBANA,AV 2 6 41 BR LA VICTORIA,5787181,NUEVO-ACTIVO,"PREESCOLAR,MEDIA,BÁSICA SECUNDARIA,BÁSICA PRIMARIA","A CRECER,EDUCACIÓN TRADICIONAL,ACELERACIÓN DEL APRENDIZAJE,SER HUMANO","0,1,2,3,4,5,6,7,8,9,10,11,22,23,24,25,26,99",841209.1722,1365886.344
154001008266,IE SIMON BOLIVAR,154001008266,IE SIMON BOLIVAR,PRINCIPAL,URBANA,CL 4 11 A 26 BR SAN MARTIN,5846593,ANTIGUO-ACTIVO,"MEDIA,BÁSICA SECUNDARIA,BÁSICA PRIMARIA","FLEXIBLE ESCUELA INTEGRAL,PROGRAMA PARA JÓVENES EN EXTRAEDAD Y ADULTOS,EDUCACIÓN TRADICIONAL,ACELERACIÓN DEL APRENDIZAJE,SER HUMANO","6,7,8,9,10,11,20,21,22,23,24,25,26,99",846427.1606,1366086.079
154001008266,IE SIMON BOLIVAR,154001010023,ESC HERNANDO ACEVEDO ORTEGA,SEDE,URBANA,URB TORCOROMA II,5769922,ANTIGUO-ACTIVO,"PREESCOLAR,MEDIA,BÁSICA SECUNDARIA,BÁSICA PRIMARIA",EDUCACIÓN TRADICIONAL,"0,1,2,3,4,5,6,7,8,9,10,11",846617.7216,1365707.3
154001008266,IE SIMON BOLIVAR,154001005283,CENT DOC SAN MARTIN NO 65,SEDE,URBANA,CLL 5 Y 6 AV 7 Y 8 BARRIO SAN MARTIN,5849521,ANTIGUO-ACTIVO,"PREESCOLAR,MEDIA,BÁSICA SECUNDARIA,BÁSICA PRIMARIA","A CRECER,EDUCACIÓN TRADICIONAL,SER HUMANO","0,1,2,3,4,5,22,23,24,25,26",846341.4791,1366309.042
154001001628,INSTITUCIÓN EDUCATIVA SAN FRANCISCO DE SALES,154001002454,ESC FRANCISCO DE PAULA ANDRADE NO 9,SEDE,URBANA,AV 14 NO 21-50 BARRIO ALFONSO LOPEZ,5824291,ANTIGUO-ACTIVO,"PREESCOLAR,BÁSICA PRIMARIA",EDUCACIÓN TRADICIONAL,"0,1,2,3",841813.2704,1363018.341
154001001628,INSTITUCIÓN EDUCATIVA SAN FRANCISCO DE SALES,154001002349,COL BAS ATANASIO GIRARDOT NO 34,SEDE,URBANA,AV 13A NO 20-14 BARRIO ALFONSO LOPEZ,5821882,ANTIGUO-ACTIVO,BÁSICA PRIMARIA,EDUCACIÓN TRADICIONAL,"2,3,4,5",841843.6294,1363045.154
154001001628,INSTITUCIÓN EDUCATIVA SAN FRANCISCO DE SALES,154001008177,INST EDUC COL JOSE PRUDENCIO PADILLA,SEDE,URBANA,CLL 17A NO 10-15 BARRIO CAMILO TORRES,5824493,ANTIGUO-ACTIVO,"MEDIA,BÁSICA SECUNDARIA",EDUCACIÓN TRADICIONAL,"6,7,8,9,10,11",842243.6412,1363220.354
154001001628,INSTITUCIÓN EDUCATIVA SAN FRANCISCO DE SALES,154001001628,INSTITUCIÓN EDUCATIVA SAN FRANCISCO DE SALES,PRINCIPAL,URBANA,AV 4 E 6 23, ,ANTIGUO-ACTIVO,"PREESCOLAR,MEDIA,BÁSICA SECUNDARIA,BÁSICA PRIMARIA","FLEXIBLE ESCUELA INTEGRAL,EDUCACIÓN TRADICIONAL,SER HUMANO","0,1,2,3,4,5,6,7,8,9,10,11,20,22,23,24,25,26",843704.0245,1364869.339
154001000788,COL CLUB DE LEONES,154001000788,COL CLUB DE LEONES,PRINCIPAL,URBANA,AV 5 NO 6-63,5845014,NUEVO-ACTIVO,"PREESCOLAR,MEDIA,BÁSICA SECUNDARIA,BÁSICA PRIMARIA","FLEXIBLE ESCUELA INTEGRAL,A CRECER,EDUCACIÓN TRADICIONAL,SER HUMANO","0,1,2,3,4,5,6,7,8,9,10,11,20,21,22,23,24,25,26",845373.4716,1365339.455
154001000788,COL CLUB DE LEONES,154001005224,ESC URB SAN JUAN BOSCO NO 73,SEDE,URBANA,CLL 1 AV 9-10 ALTO PAMPLONITA,5764889,ANTIGUO-ACTIVO,"PREESCOLAR,BÁSICA SECUNDARIA,BÁSICA PRIMARIA",EDUCACIÓN TRADICIONAL,"0,1,2,3,4,5,6",845904.2501,1365811.34
154001000788,COL CLUB DE LEONES,254001000758,CENT DOC EL ESCOBAL,SEDE,URBANA,CLL 3 CR 5 BARRIO EL ESCOBAL,5849767,ANTIGUO-ACTIVO,"PREESCOLAR,MEDIA,BÁSICA SECUNDARIA,BÁSICA PRIMARIA","EDUCACIÓN TRADICIONAL,SER HUMANO","0,1,2,3,4,5,6,22,23,24,25,26",847080.4373,1367024.348
154001000788,COL CLUB DE LEONES,254001000774,ESC RURAL INTEGD BOCONO,SEDE,URBANA,AV 0 NO 0-280 VIA BOCONO,5842079,NUEVO-ACTIVO,"PREESCOLAR,BÁSICA PRIMARIA",EDUCACIÓN TRADICIONAL,"0,1,2,3,4,5",847284.9422,1365130.689
154001000788,COL CLUB DE LEONES,154001008924,ESC RAFAEL GARCIA HERREROS,SEDE,URBANA,AV 9 3 45 BR LA UNION,NO TIENE,NUEVO-ACTIVO,"PREESCOLAR,BÁSICA PRIMARIA",EDUCACIÓN TRADICIONAL,"0,1,2,3,4,5",846573.2163,1364984.503
154001000788,COL CLUB DE LEONES,154001007278,CENT DOC SANTA ANA NO 1,SEDE,URBANA,AV 3 NO 5-81 BARRIO SANTA ANA - LA LIBERTAD,5844722,NUEVO-ACTIVO,"PREESCOLAR,BÁSICA PRIMARIA","EDUCACIÓN TRADICIONAL,CIRCULOS DE APRENDIZAJE","0,1,2,3,4,5",846874.8175,1364663.098
154001000788,COL CLUB DE LEONES,254001008236,COL INTEG BOCONO,SEDE,URBANA,CLL 2 NO 3-07 BARRIO BOCONO,5843970,NUEVO-ACTIVO,"MEDIA,BÁSICA SECUNDARIA",EDUCACIÓN TRADICIONAL,"6,7,8,9,10,11",847021.5184,1364970.907
154001007723,COLEGIO NUESTRA SEÑORA DE BELEN,154001008258,ESC URB  RUDESINDO SOTO NO 49,SEDE,URBANA,AV 30 NO 17-22 BARRIO RUDESINDO SOTO,5824139,ANTIGUO-ACTIVO,"PREESCOLAR,MEDIA,BÁSICA SECUNDARIA,BÁSICA PRIMARIA","A CRECER,EDUCACIÓN TRADICIONAL,SER HUMANO","0,1,2,3,4,5,6,21,22,23,24,25,26",840123.0039,1363539.13
154001007723,COLEGIO NUESTRA SEÑORA DE BELEN,154001002527,CENT DOC NSTRA SRA DE BELEN NO 21,SEDE,URBANA,CLL 25 NO 27-10 BARRIO BELEN,5822108,ANTIGUO-ACTIVO,"PREESCOLAR,BÁSICA PRIMARIA",EDUCACIÓN TRADICIONAL,"0,1,2,3,4,5",840080.0787,1362890.89
154001007723,COLEGIO NUESTRA SEÑORA DE BELEN,154001002365,ESC NSTRA SRA DE BELEN NO 23,SEDE,URBANA,CLL 25 NO 27-40 BARRIO BELEN,5824287,ANTIGUO-ACTIVO,"PREESCOLAR,BÁSICA PRIMARIA","A CRECER,EDUCACIÓN TRADICIONAL,ACELERACIÓN DEL APRENDIZAJE","0,1,2,3,4,5,21,99",840040.2568,1362924.687
154001007723,COLEGIO NUESTRA SEÑORA DE BELEN,154001007723,COLEGIO NUESTRA SEÑORA DE BELEN,PRINCIPAL,URBANA,CL 26 27 60 BR BELEN,5738727,ANTIGUO-ACTIVO,"MEDIA,BÁSICA SECUNDARIA,BÁSICA PRIMARIA","CAMINAR EN SECUNDARIA,PROGRAMA PARA JÓVENES EN EXTRAEDAD Y ADULTOS,FLEXIBLE ESCUELA INTEGRAL,COMPRENDER Y PROSPERAR,A CRECER,EDUCACIÓN TRADICIONAL","6,7,8,9,10,11,21,22,23,24,25,26",840003.1847,1362837.659
154001002276,COLEGIO GONZALO RIVERA LAGUADO,154001002225,ESC URB  NO 4 ESPIRITU SANTO,SEDE,URBANA,AV 14 NO 15-15 BARRIO EL CONTENTO,5820378,ANTIGUO-ACTIVO,"MEDIA,BÁSICA SECUNDARIA,BÁSICA PRIMARIA","PROGRAMA PARA JÓVENES EN EXTRAEDAD Y ADULTOS,EDUCACIÓN TRADICIONAL","4,5,22,23,24,25,26",841798.6493,1363437.679
154001002276,COLEGIO GONZALO RIVERA LAGUADO,154001002276,COL GONZALO RIVERA LAGUADO,PRINCIPAL,URBANA,AV 14 NO 15-93 BARRIO EL CONTENTO,5712417- 5710654-5715781,ANTIGUO-ACTIVO,"MEDIA,BÁSICA SECUNDARIA",EDUCACIÓN TRADICIONAL,"6,7,8,9,10,11",841816.333,1363354.935
254001002637,CENTRO EDUCATIVO ESCUELA RURAL CARMEN DE TONCHALA,254001002637,ESC RUR  EL CARMEN DE TONCHALA,PRINCIPAL,RURAL,INSP EL RODEO,5666581-5666580,ANTIGUO-ACTIVO,"PREESCOLAR,MEDIA,BÁSICA SECUNDARIA,BÁSICA PRIMARIA","POST PRIMARIA,FLEXIBLE ESCUELA INTEGRAL,ESCUELA NUEVA,EDUCACIÓN TRADICIONAL","0,1,2,3,4,5,6,7,8,9,22,23,24,25,26",835467.4109,1359767.702
154001004341,COLEGIO CLAUDIA MARIA PRADA,154001004341,COL CLAUDIA MARIA PRADA AYALA,PRINCIPAL,URBANA,CLL 2 NO 7-44,5813939,NUEVO-ACTIVO,"PREESCOLAR,MEDIA,BÁSICA SECUNDARIA,BÁSICA PRIMARIA","FLEXIBLE ESCUELA INTEGRAL,A CRECER,EDUCACIÓN TRADICIONAL,ACELERACIÓN DEL APRENDIZAJE","0,1,2,3,4,5,6,7,8,9,10,11,20,21,22,23,24,25,26,99",839933.1848,1365284.172
154001004341,COLEGIO CLAUDIA MARIA PRADA,154001009211,COL HERMANO RODULFO ELOY,SEDE,URBANA,CL 9 15 64 BR BELISARIO,3212151604,ANTIGUO-ACTIVO,"PREESCOLAR,MEDIA,BÁSICA SECUNDARIA,BÁSICA PRIMARIA","CAMINAR EN SECUNDARIA,PROGRAMA PARA JÓVENES EN EXTRAEDAD Y ADULTOS,CAMINAR EN SECUNDARIA II,A CRECER,CAMINAR EN SECUNDARIA I,EDUCACIÓN TRADICIONAL,CIRCULOS DE APRENDIZAJE,ACELERACIÓN DEL APRENDIZAJE","0,1,2,3,4,5,6,7,8,9,10,11,21,22,23,24,25,26,99",839017.2753,1365216.649
154001004341,COLEGIO CLAUDIA MARIA PRADA,154001007341,ESC SAN VICENTE DE PAUL NO 80,SEDE,URBANA,CL 14 12 70 BR BELISARIO,5788253,ANTIGUO-ACTIVO,"PREESCOLAR,BÁSICA PRIMARIA","A CRECER,EDUCACIÓN TRADICIONAL,CIRCULOS DE APRENDIZAJE","0,1,2,3,4,5,22",839149.0325,1365705.124
154001006379,I.E. CRISTO OBRERO,154001006379,I.E. CRISTO OBRERO - SEDE PRINCIPAL,PRINCIPAL,URBANA,CL 35 9 03,5799241,NUEVO-ACTIVO,"PREESCOLAR,MEDIA,BÁSICA SECUNDARIA,BÁSICA PRIMARIA","FLEXIBLE ESCUELA INTEGRAL,A CRECER,EDUCACIÓN TRADICIONAL,CIRCULOS DE APRENDIZAJE,SER HUMANO","0,1,2,3,4,5,6,7,8,9,10,11,20,21,22,23,24,25,26",840824.7639,1369447.008
154001009009,COL LOS SANTOS APOSTOLES,154001003256,ESC URB  KENNEDY NO 47,SEDE,URBANA,AV  7  NO 6-18 BARRIO CHAPINERO,5810231,ANTIGUO-ACTIVO,"PREESCOLAR,BÁSICA PRIMARIA",EDUCACIÓN TRADICIONAL,"0,1,2,3,4,5",841553.6852,1367241.115
154001009009,COL LOS SANTOS APOSTOLES,154001002322,ESC URB  NO 31 JOSE CELESTINO MUTIS,SEDE,URBANA,CLL  1  AV  1 Y 2  BARRIO CHAPINERO,5788501,ANTIGUO-ACTIVO,"PREESCOLAR,BÁSICA PRIMARIA","EDUCACIÓN TRADICIONAL,ACELERACIÓN DEL APRENDIZAJE","0,1,2,3,4,5,99",841749.705,1366436.184
154001009009,COL LOS SANTOS APOSTOLES,154001003230,ESC  DE NIÑAS NO 19,SEDE,URBANA,CLL 1 AV 1  NO KM 265 -1 BARRIO CHAPINERO,5787919,ANTIGUO-ACTIVO,"PREESCOLAR,MEDIA,BÁSICA SECUNDARIA,BÁSICA PRIMARIA","EDUCACIÓN TRADICIONAL,SER HUMANO","0,1,2,3,4,5,22,23,24,25,26",841777.2746,1366491.484
154001009009,COL LOS SANTOS APOSTOLES,154001009009,COL LOS SANTOS APOSTOLES,PRINCIPAL,URBANA,AV 6 NO 6-54B BARRIO CHAPINERO,5814176,ANTIGUO-ACTIVO,"MEDIA,BÁSICA SECUNDARIA,BÁSICA PRIMARIA","FLEXIBLE ESCUELA INTEGRAL,A CRECER,EDUCACIÓN TRADICIONAL","6,7,8,9,10,11,21,22,23,24,25,26",841513.861,1367096.721
154001009009,COL LOS SANTOS APOSTOLES,154001006808,ESC URB  EL ROSAL,SEDE,URBANA,CLL  3 NO 10-21 BARRIO EL ROSAL,5811245,ANTIGUO-ACTIVO,"PREESCOLAR,MEDIA,BÁSICA SECUNDARIA,BÁSICA PRIMARIA","PROGRAMA PARA JÓVENES EN EXTRAEDAD Y ADULTOS,EDUCACIÓN TRADICIONAL","0,1,2,3,4,5,22,23,24,25,26",841980.1777,1367174.591
154001006409,COLEGIO BUENOS AIRES,154001006409,COL BUENOS AIRES,PRINCIPAL,URBANA,CL 30 AV 7 BARRIO BUENOS AIRES,5798214,ANTIGUO-ACTIVO,"PREESCOLAR,MEDIA,BÁSICA SECUNDARIA,BÁSICA PRIMARIA","FLEXIBLE ESCUELA INTEGRAL,EDUCACIÓN TRADICIONAL","0,1,2,3,4,5,6,7,8,9,10,11,21,22,23,24,25,26",840892.1348,1369115.203
154001000931,COLEGIO MUNICIPAL MARÍA CONCEPCIÓN LOPERENA.,154001009343,ESC MARIA OFELIA VILLAMIZAR BUITRAGO,SEDE,URBANA,AV 16KN NO 13A-11 BARRIO ESPERANZA MARTINEZ,NO TIENE,ANTIGUO-ACTIVO,"PREESCOLAR,MEDIA,BÁSICA SECUNDARIA,BÁSICA PRIMARIA","A CRECER,EDUCACIÓN TRADICIONAL,SER HUMANO","0,1,2,3,4,5,21,22,23,24,25,26",841972.309,1367531.369
154001000931,COLEGIO MUNICIPAL MARÍA CONCEPCIÓN LOPERENA.,154001000931,COLEGIO MUNICIPAL MARÍA CONCEPCIÓN LOPERENA,PRINCIPAL,URBANA,AV 11 E 2 117 BR GUAIMARAL,5742857-5747498,ANTIGUO-ACTIVO,"PREESCOLAR,MEDIA,BÁSICA SECUNDARIA,BÁSICA PRIMARIA","CAMINAR EN SECUNDARIA,CAMINAR EN SECUNDARIA II,PROGRAMA PARA JÓVENES EN EXTRAEDAD Y ADULTOS,FLEXIBLE ESCUELA INTEGRAL,A CRECER,CAMINAR EN SECUNDARIA I,EDUCACIÓN TRADICIONAL,ACELERACIÓN DEL APRENDIZAJE","0,1,2,3,4,5,6,7,8,9,10,11,21,22,23,24,25,26,31,99",844122.6567,1365817.601
154001000931,COLEGIO MUNICIPAL MARÍA CONCEPCIÓN LOPERENA.,154001010104,ESC DOMINGO SAVIO DOS MIL,SEDE,URBANA,CLL 16HN BARRIO BRISAS DEL AEROPUERTO,NO TIENE,ANTIGUO-ACTIVO,"PREESCOLAR,BÁSICA PRIMARIA","A CRECER,EDUCACIÓN TRADICIONAL","0,1,2,3,4,5,21",841660.9012,1367557.553
154001000931,COLEGIO MUNICIPAL MARÍA CONCEPCIÓN LOPERENA.,154001000044,COL BAS GUAIMARAL NO 25,SEDE,URBANA,AV LIBERTADORES CLL 8N BARRIO CIUDAD JARDIN,5741222 - 5773401,NUEVO-ACTIVO,"PREESCOLAR,MEDIA,BÁSICA SECUNDARIA,BÁSICA PRIMARIA",EDUCACIÓN TRADICIONAL,"0,1,2,3,4,5,6,7,8,9,10,11",844105.2565,1366789.498
154001008151,COL SANTO ANGEL,154001002233,ESC URB JOSE EUSEBIO CARO NO 6,SEDE,URBANA,CLL 22 NO 9-85 BARRIO CUBEROS NIÑO,5835109,ANTIGUO-ACTIVO,"PREESCOLAR,MEDIA,BÁSICA SECUNDARIA,BÁSICA PRIMARIA","EDUCACIÓN TRADICIONAL,SER HUMANO","0,1,2,3,4,5,22,23,24,25,26",842340.8571,1362909.245
154001008151,COL SANTO ANGEL,154001008151,COL SANTO ANGEL,PRINCIPAL,URBANA,LA RINCONADA,5763449,ANTIGUO-ACTIVO,"MEDIA,BÁSICA SECUNDARIA",EDUCACIÓN TRADICIONAL,"6,7,8,9,10,11",843461.1291,1362242.522
154001008151,COL SANTO ANGEL,154001002519,ESC  NSTRA SRA DEL ROSARIO NO 27,SEDE,URBANA,AV 20 NO 22-30 BARRIO SAN JOSE,5824971,ANTIGUO-ACTIVO,"PREESCOLAR,MEDIA,BÁSICA SECUNDARIA,BÁSICA PRIMARIA",EDUCACIÓN TRADICIONAL,"0,1,2,3,4,5,6,7,8,9,10,11",840989.9098,1363035.24
154001002136,COL FRANCISCO JOSE DE CALDAS,154001005666,CENT EDUC SAN PEDRO CLAVER,SEDE,URBANA,CLL 28 NO 10-45 BARRIO BELLAVISTA,5841886,NUEVO-ACTIVO,"PREESCOLAR,MEDIA,BÁSICA SECUNDARIA,BÁSICA PRIMARIA","PROGRAMA PARA JÓVENES EN EXTRAEDAD Y ADULTOS,EDUCACIÓN TRADICIONAL,CIRCULOS DE APRENDIZAJE,SER HUMANO","0,1,2,3,4,5,6,7,8,9,10,11,22,23,24,25,26",845312.9692,1363421.654
154001002136,COL FRANCISCO JOSE DE CALDAS,154001007456,CENT EDUC SANTISIMA TRINIDAD,SEDE,URBANA,CLL 3 NO 2-48 BARRIO SAN MATEO PARTE ALTA,5842179,NUEVO-ACTIVO,"PREESCOLAR,BÁSICA PRIMARIA",EDUCACIÓN TRADICIONAL,"0,1,2,3,4,5",844788.7164,1363106.514
154001002136,COL FRANCISCO JOSE DE CALDAS,154001002136,COL FRANCISCO JOSE DE CALDAS,PRINCIPAL,URBANA,CLL 19 NO 19-23,5761334,NUEVO-ACTIVO,"PREESCOLAR,MEDIA,BÁSICA SECUNDARIA,BÁSICA PRIMARIA","FLEXIBLE ESCUELA INTEGRAL,EDUCACIÓN TRADICIONAL","0,1,2,3,4,5,6,7,8,9,10,11,22,23,24,25,26",845741.6289,1363953.74
154001004724,INSTITUTO TÉCNICO ALEJANDRO GUTIÉRREZ CALDERÓN,154001002489,ESC URB SAN JUAN BOSCO NO 15,SEDE,URBANA,CLL 22A NO 22-80 BARRIO GAITAN,5828605,ANTIGUO-ACTIVO,"PREESCOLAR,BÁSICA PRIMARIA","EDUCACIÓN TRADICIONAL,ACELERACIÓN DEL APRENDIZAJE","0,1,2,3,4,5,99",840677.4461,1363065.976
154001004724,INSTITUTO TÉCNICO ALEJANDRO GUTIÉRREZ CALDERÓN,154001009925,ESC  NSTRA SRA DE FATIMA,SEDE,URBANA,PARTE ALTA SAN MIGUEL,NO TIENE,ANTIGUO-ACTIVO,"PREESCOLAR,MEDIA,BÁSICA SECUNDARIA,BÁSICA PRIMARIA","PROGRAMA PARA JÓVENES EN EXTRAEDAD Y ADULTOS,EDUCACIÓN TRADICIONAL","0,1,2,3,4,5,21,22,23,24,25,26",840775.5205,1364116.677
154001004724,INSTITUTO TÉCNICO ALEJANDRO GUTIÉRREZ CALDERÓN,154001002284,ESC CUNDINAMARCA NO 22,SEDE,URBANA,CLL 12A NO 18-105 BARRIO CUNDINAMARCA,5720756,ANTIGUO-ACTIVO,"PREESCOLAR,BÁSICA PRIMARIA",EDUCACIÓN TRADICIONAL,"0,1,2,3,4,5",841178.6531,1363614.404
154001004724,INSTITUTO TÉCNICO ALEJANDRO GUTIÉRREZ CALDERÓN,154001004724,INST TEC ALEJANDRO GUTIERREZ CALDERON,PRINCIPAL,URBANA,CL 11 22 40,5730657 5721071,ANTIGUO-ACTIVO,"MEDIA,BÁSICA SECUNDARIA,BÁSICA PRIMARIA","PROGRAMA PARA JÓVENES EN EXTRAEDAD Y ADULTOS,A CRECER,EDUCACIÓN TRADICIONAL,SER HUMANO","6,7,8,9,10,11,21,22,23,24,25,26",840732.6168,1363732.649
154001008967,COL PADRE RAFAEL GARCIA HERREROS,154001000028,ESC URB 28 DE FEBRERO NO 20,SEDE,URBANA,CLL 6A NO 12-118 BARRIO LOMA DE BOLIVAR,5821819,ANTIGUO-ACTIVO,"PREESCOLAR,BÁSICA PRIMARIA",EDUCACIÓN TRADICIONAL,"0,1,2,3,4,5",841702.2462,1364473.196
154001008967,COL PADRE RAFAEL GARCIA HERREROS,154001008967,COL PADRE RAFAEL GARCIA HERREROS,PRINCIPAL,URBANA,CLL 7 NO 14-48 BARRIO LOMA DE BOLIVAR,5824884,ANTIGUO-ACTIVO,"PREESCOLAR,MEDIA,BÁSICA SECUNDARIA,BÁSICA PRIMARIA","EDUCACIÓN TRADICIONAL,CIRCULOS DE APRENDIZAJE","0,1,2,3,4,5,6,7,8,9,10,11,23,24,25",841571.9859,1364365.5
354001012173,I.E. MONSEÑOR JAIME PRIETO AMAYA,354001012173,I.E. MONSEÑOR JAIME PRIETO AMAYA,PRINCIPAL,URBANA,CL 13 ENTRE AV 15 Y 16,3003416849,ANTIGUO-ACTIVO,"PREESCOLAR,MEDIA,BÁSICA SECUNDARIA,BÁSICA PRIMARIA",EDUCACIÓN TRADICIONAL,"0,1,2,3,4,5,6,7,8,9,10,11",846114.8279,1364549.937
354001012181,I.E. MINUTO DE DIOS - POLICARPA SALAVARRIETA,354001012181,I.E. MINUTO DE DIOS - POLICARPA SALAVARRIETA,PRINCIPAL,URBANA,AV 41 31 105,5785412,NUEVO-ACTIVO,"PREESCOLAR,MEDIA,BÁSICA SECUNDARIA,BÁSICA PRIMARIA","EDUCACIÓN TRADICIONAL,SER HUMANO","0,1,2,3,4,5,6,7,8,9,10,11,20",839102.8846,1363210.471
1540010,I.E. JUAN PABLO I,0,SEDE B JUVENTUDES,SEDE,URBANA,AV 9 NO 1-72, ,NUEVO-ACTIVO, , , ,0,0
0,I.E. JUAN PABLO I,0,SEDE A COL RAFAEL NUÑEZ, , , , , , , , ,0,0
